effort_id,date,activity_name,segment_id,segment_name,actual_time_s,predicted_time_s,gap_s,draft_status
3412015520708874036,2025-10-11T07:34:39,Sortie vélo le matin,10100718,D9B Climb from Liebenswiller,272,289.2993226050596,17.299322605059615,unknown
3523274721372696840,2026-08-14T08:15:26,Sortie vélo le matin,10100718,D9B Climb from Liebenswiller,278,289.2993226050596,11.299322605059615,unknown
3479536233148214048,2026-04-15T15:18:01,Sortie vélo dans l'après-midi,10100718,D9B Climb from Liebenswiller,284,289.2993226050596,5.299322605059615,unknown
3477973021252385766,2026-04-11T07:18:13,Sortie vélo le matin,10100718,D9B Climb from Liebenswiller,288,289.2993226050596,1.299322605059615,unknown
3514649797579400286,2026-07-21T12:53:35,Sortie vélo dans l'après-midi,5644864,Slow rise to Heiwiller,565,564.7775478060232,-0.2224521939767783,unknown
3470746875261355796,2026-03-22T09:09:38,Sortie vélo le matin,10100718,D9B Climb from Liebenswiller,291,289.2993226050596,-1.700677394940385,unknown
3418206922267131184,2025-10-28T10:25:13,Vite en profitant de l’éclaircie / rappel Vo2max,6845487,Rämpli,303,296.1273734008307,-6.87262659916928,unknown
3273684518900898132,2024-09-24T14:31:38,Sortie vélo dans l'après-midi 💨 💨,22049362,Jet sprint,37,29.52610420218024,-7.473895797819761,unknown
3416471698137787608,2025-10-23T15:18:52,Tempête ⛈️,6620406,Montée de Willer,224,216.37818120568386,-7.621818794316141,unknown
3292535126219715808,2024-11-15T14:18:41,Sortie vélo dans l'après-midi,10100718,D9B Climb from Liebenswiller,298,289.2993226050596,-8.700677394940385,unknown
3406322403578999740,2025-09-25T14:58:40,Sortie vélo dans l'après-midi,22049362,Jet sprint,39,29.52610420218024,-9.473895797819761,unknown
3401872196780296392,2025-09-13T07:53:36,Sortie vélo le matin,16257055,X Climb,275,265.19859234780876,-9.801407652191244,unknown
3382776145564253800,2025-07-22T15:07:13,Sortie vélo dans l'après-midi,15513338,D57 short,223,211.53251606701895,-11.467483932981054,unknown
3223940977137292710,2024-05-10T06:38:51,La Sundgauvienne GFNY,10100718,D9B Climb from Liebenswiller,301,289.2993226050596,-11.700677394940385,unknown
3406933478065299760,2025-09-27T06:39:28,1er sortie automnale en long / rappels au seuil,10100718,D9B Climb from Liebenswiller,301,289.2993226050596,-11.700677394940385,unknown
3337488342491891780,2025-03-19T15:49:50,Sortie vélo dans l'après-midi,28296786,A bloc dans les champs vers Franken!!! VLT,69,55.846952600872655,-13.153047399127345,unknown
3382776145566104168,2025-07-22T15:06:55,Sortie vélo dans l'après-midi,8822290,Habsheim - Pont de Petit-Landau,415,401.51195020657684,-13.488049793423158,unknown
3422186329290569020,2025-11-08T09:33:27,Sortie vélo le matin,10100718,D9B Climb from Liebenswiller,303,289.2993226050596,-13.700677394940385,unknown
3518562093000489482,2026-08-01T08:17:08,Morning Ride,28296786,A bloc dans les champs vers Franken!!! VLT,70,55.846952600872655,-14.153047399127345,unknown
3408506313793017740,2025-10-01T15:51:36,Sortie vélo dans l'après-midi,6826358,montée de rantzwiller,228,213.52352629905752,-14.476473700942478,unknown
3427679812376187910,2025-11-23T14:02:07,Sortie vélo dans l'après-midi,8459792,Bertenheim - Sierentz,124,109.40558700032723,-14.59441299967277,unknown
3413937438557268486,2025-10-16T15:46:24,Sortie vélo dans l'après-midi,8459792,Bertenheim - Sierentz,124,109.40558700032723,-14.59441299967277,unknown
3345443834467076460,2025-04-10T15:08:56,Sortie vélo dans l'après-midi,13393443,Rue vieille,51,35.97356214435254,-15.026437855647458,unknown
3365735422901542896,2025-06-05T15:17:04,Sortie vélo dans l'après-midi,24029289,Veloroute Dietwiller-Eschentzwiller,184,168.5357824232735,-15.464217576726497,unknown
3413937438563132934,2025-10-16T15:00:36,Sortie vélo dans l'après-midi,6698872,Hagenthal le Haut,481,465.40298924199357,-15.597010758006434,unknown
3251869388993237914,2024-07-26T10:21:18,Sortie vélo le midi,22049362,Jet sprint,46,29.52610420218024,-16.47389579781976,unknown
3408506313794577292,2025-10-01T15:35:44,Sortie vélo dans l'après-midi,13393443,Rue vieille,54,35.97356214435254,-18.02643785564746,unknown
3407763424764491056,2025-09-29T14:20:54,Sortie vélo dans l'après-midi,28296786,A bloc dans les champs vers Franken!!! VLT,74,55.846952600872655,-18.153047399127345,unknown
3397627508312949432,2025-09-01T15:09:53,Sortie vélo dans l'après-midi,28296786,A bloc dans les champs vers Franken!!! VLT,74,55.846952600872655,-18.153047399127345,unknown
3515766077646641268,2026-07-24T15:25:47,"Avec Arnaud , Jonathan et Joel ! 🥵🥵",12718756,Hippoltskirch - Raedersdorf Sprint,111,92.537894056368,-18.462105943631997,unknown
3260990812564350284,2024-08-20T13:56:57,Sortie vélo dans l'après-midi,24029289,Veloroute Dietwiller-Eschentzwiller,187,168.5357824232735,-18.464217576726497,unknown
3503690093507217246,2026-06-21T07:12:41,Morning Ride,10100718,D9B Climb from Liebenswiller,308,289.2993226050596,-18.700677394940385,unknown
3381932480376371810,2025-07-20T07:20:42,Sortie vélo le matin,28296786,A bloc dans les champs vers Franken!!! VLT,75,55.846952600872655,-19.153047399127345,unknown
3420459518364706642,2025-11-03T15:33:15,Sortie vélo dans l'après-midi,22049362,Jet sprint,49,29.52610420218024,-19.47389579781976,unknown
3397627508313279160,2025-09-01T15:17:04,Sortie vélo dans l'après-midi,22049362,Jet sprint,49,29.52610420218024,-19.47389579781976,unknown
3363172684860309250,2025-05-29T13:24:13,Sortie vélo dans l'après-midi,13393443,Rue vieille,56,35.97356214435254,-20.02643785564746,unknown
3420459518362846034,2025-11-03T15:33:22,Sortie vélo dans l'après-midi,10140676,jettingen - D419 climb,148,127.90244769442664,-20.09755230557336,unknown
3377704304223100536,2025-07-08T15:40:58,Sortie vélo dans l'après-midi,11047244,Schlierbach - Dietwiller,68,47.03288184400772,-20.96711815599228,unknown
3233123809223843340,2024-06-04T16:09:58,Sortie vélo dans l'après-midi,28296786,A bloc dans les champs vers Franken!!! VLT,77,55.846952600872655,-21.153047399127345,unknown
3400885925531859626,2025-09-10T14:59:18,Sortie vélo dans l'après-midi,12718756,Hippoltskirch - Raedersdorf Sprint,114,92.537894056368,-21.462105943631997,unknown
3341425904896604428,2025-03-30T13:24:41,Sortie vélo dans l'après-midi,22049362,Jet sprint,51,29.52610420218024,-21.47389579781976,unknown
3282353955772547238,2024-10-18T13:18:12,Sortie vélo dans l'après-midi,6845487,Rämpli,318,296.1273734008307,-21.87262659916928,unknown
3288924346877292322,2024-11-05T15:26:11,Bike ride au sunset,28296786,A bloc dans les champs vers Franken!!! VLT,78,55.846952600872655,-22.153047399127345,unknown
3529066120788807628,2026-08-30T08:18:28,Sortie vélo le matin,4611692,Power and Push,152,129.57862664655724,-22.42137335344276,unknown
3383502281259584024,2025-07-24T16:00:35,Sortie vélo dans l'après-midi,22049362,Jet sprint,52,29.52610420218024,-22.47389579781976,unknown
3272943048670203046,2024-09-22T13:47:43,Sortie vélo dans l'après-midi,6826358,montée de rantzwiller,236,213.52352629905752,-22.476473700942478,unknown
3225139837638444818,2024-05-13T16:22:32,Sortie vélo dans l'après-midi,8459792,Bertenheim - Sierentz,132,109.40558700032723,-22.59441299967277,unknown
3498631251095394176,2026-06-07T08:24:58,Sortie vélo le matin,16121300,Eschentzwiller - Habsheim,87,64.05427369026981,-22.94572630973019,unknown
3282022195423038936,2024-10-17T14:58:24,Sortie vélo dans l'après-midi,28296786,A bloc dans les champs vers Franken!!! VLT,79,55.846952600872655,-23.153047399127345,unknown
3331663933782319948,2025-03-03T14:46:08,Sortie vélo dans l'après-midi,28296786,A bloc dans les champs vers Franken!!! VLT,79,55.846952600872655,-23.153047399127345,unknown
3279444098991767704,2024-10-10T12:13:29,Sortie vélo dans l'après-midi,16121300,Eschentzwiller - Habsheim,88,64.05427369026981,-23.94572630973019,unknown
3294347685409128352,2024-11-20T15:43:04,Vite avant la neige 🥶,22049362,Jet sprint,54,29.52610420218024,-24.47389579781976,unknown
3516779807761784056,2026-07-27T10:17:21,Sortie vélo le midi,9113522,Rolling down Folgensbourg ~ Hagental,328,303.4163363225544,-24.5836636774456,unknown
3416471707402118360,2025-10-23T14:54:21,Tempête ⛈️,12505001,Coup de cul de Folgensbourg,94,68.60865790740621,-25.39134209259379,unknown
3480258563292114418,2026-04-17T15:08:28,Beau tour avec Arnaud et Joël ☀️,12718756,Hippoltskirch - Raedersdorf Sprint,118,92.537894056368,-25.462105943631997,unknown
3516390086277376040,2026-07-26T08:31:13,Morning Ride,6845487,Rämpli,323,296.1273734008307,-26.87262659916928,unknown
3515766077643854964,2026-07-24T15:26:06,"Avec Arnaud , Jonathan et Joel ! 🥵🥵",12718646,Raedersdorf Bosse Sprint ,207,179.91678311819877,-27.083216881801235,unknown
3263537059039295088,2024-08-27T15:11:03,Sortie vélo dans l'après-midi,21002780,Faux Plat - Hardt Section 3,73,45.79402959263938,-27.205970407360617,unknown
3225139837637203730,2024-05-13T15:14:32,Sortie vélo dans l'après-midi,34676821,Grimpette depuis fontaine Schlierbach,76,48.77080466210287,-27.22919533789713,unknown
3527623301626139954,2026-08-26T08:01:54,Sortie vélo le matin,15513338,D57 short,239,211.53251606701895,-27.467483932981054,unknown
3230931805363244876,2024-05-29T15:36:25,Sortie vélo dans l'après-midi,22049362,Jet sprint,57,29.52610420218024,-27.47389579781976,unknown
3207739199617594162,2024-03-26T15:38:39,Sortie vélo dans l'après-midi,22049362,Jet sprint,57,29.52610420218024,-27.47389579781976,unknown
3229122131013676048,2024-05-24T16:07:28,Sortie vélo dans l'après-midi,8459792,Bertenheim - Sierentz,137,109.40558700032723,-27.59441299967277,unknown
3529066120788422604,2026-08-30T08:13:45,Sortie vélo le matin,16768815,Montée St Blaise / Bettlach (rue des Romains),228,199.99862156971304,-28.001378430286962,unknown
3399703045470457048,2025-09-07T08:54:44,Sortie vélo le matin,16768815,Montée St Blaise / Bettlach (rue des Romains),228,199.99862156971304,-28.001378430286962,unknown
3383502281258982936,2025-07-24T15:53:37,Sortie vélo dans l'après-midi,28296786,A bloc dans les champs vers Franken!!! VLT,84,55.846952600872655,-28.153047399127345,unknown
3331663933784719180,2025-03-03T14:52:59,Sortie vélo dans l'après-midi,22049362,Jet sprint,58,29.52610420218024,-28.47389579781976,unknown
3377704304225090168,2025-07-08T15:54:36,Sortie vélo dans l'après-midi,6826358,montée de rantzwiller,242,213.52352629905752,-28.476473700942478,unknown
3416471698131568856,2025-10-23T15:33:39,Tempête ⛈️,7464088,Mur de Franken,147,118.50061513888753,-28.499384861112475,unknown
3479536233148965664,2026-04-15T14:55:13,Sortie vélo dans l'après-midi,27421343,Bunker-golf,160,131.11169044815114,-28.888309551848863,unknown
3225139837637468946,2024-05-13T15:15:15,Sortie vélo dans l'après-midi,11047244,Schlierbach - Dietwiller,76,47.03288184400772,-28.96711815599228,unknown
3344712352192885524,2025-04-08T14:51:57,Sortie vélo dans l'après-midi,28296786,A bloc dans les champs vers Franken!!! VLT,85,55.846952600872655,-29.153047399127345,unknown
3521084903594617624,2026-08-08T06:09:02,Morning Ride,6698872,Hagenthal le Haut,495,465.40298924199357,-29.597010758006434,unknown
3475446714181055386,2026-04-04T08:30:27,Sortie vélo le matin,27421343,Bunker-golf,161,131.11169044815114,-29.888309551848863,unknown
3294347685409654688,2024-11-20T15:43:10,Vite avant la neige 🥶,10140676,jettingen - D419 climb,159,127.90244769442664,-31.09755230557336,unknown
3482783529600396874,2026-04-24T15:09:46,Sortie vélo dans l'après-midi,12718756,Hippoltskirch - Raedersdorf Sprint,124,92.537894056368,-31.462105943631997,unknown
3300125548512353574,2024-12-06T13:47:06,Sortie vélo dans l'après-midi,15513338,D57 short,243,211.53251606701895,-31.467483932981054,unknown
3527623301627267378,2026-08-26T08:01:35,Sortie vélo le matin,8822290,Habsheim - Pont de Petit-Landau,434,401.51195020657684,-32.48804979342316,unknown
3514649797581209694,2026-07-21T12:47:41,Sortie vélo dans l'après-midi,34523060,Montée de Waltenheim à la rue des champs,92,58.95813193722008,-33.04186806277992,unknown
3232376739587431254,2024-06-02T15:19:46,Sortie vélo dans l'après-midi,21002780,Faux Plat - Hardt Section 3,79,45.79402959263938,-33.20597040736062,unknown
3342544485694171234,2025-04-02T15:03:25,Sortie vélo dans l'après-midi,28296786,A bloc dans les champs vers Franken!!! VLT,91,55.846952600872655,-35.153047399127345,unknown
3203400760828114124,2024-03-14T16:16:05,Sortie vélo dans l'après-midi,22049362,Jet sprint,65,29.52610420218024,-35.473895797819765,unknown
3527991152864509234,2026-08-27T09:24:18,Sortie vélo le matin,8459792,Bertenheim - Sierentz,145,109.40558700032723,-35.59441299967277,unknown
3404763133213601484,2025-09-21T07:46:51,Sortie vélo le matin,8459792,Bertenheim - Sierentz,145,109.40558700032723,-35.59441299967277,unknown
3238165397254673740,2024-06-18T14:02:37,Sortie vélo dans l'après-midi,16121300,Eschentzwiller - Habsheim,100,64.05427369026981,-35.94572630973019,unknown
3504746014952272122,2026-06-24T04:41:19,Morning Ride,34523060,Montée de Waltenheim à la rue des champs,95,58.95813193722008,-36.04186806277992,unknown
3400885925529772714,2025-09-10T14:43:17,Sortie vélo dans l'après-midi,7052396,Luppach - Ferrette,302,265.9124865310388,-36.08751346896122,unknown
3341425904895886604,2025-03-30T13:24:46,Sortie vélo dans l'après-midi,10140676,jettingen - D419 climb,164,127.90244769442664,-36.09755230557336,unknown
3511665026272317896,2026-07-13T07:48:34,Sortie vélo le matin,22049362,Jet sprint,66,29.52610420218024,-36.473895797819765,unknown
3236368838349436742,2024-06-13T14:22:30,Sortie vélo dans l'après-midi,7629867,Flüh to Mariastein road climb,414,377.50987700750017,-36.490122992499835,unknown
3236368838349241158,2024-06-13T14:24:43,Sortie vélo dans l'après-midi,16257055,X Climb,302,265.19859234780876,-36.801407652191244,unknown
3381932480375607906,2025-07-20T08:20:44,Sortie vélo le matin,8459792,Bertenheim - Sierentz,147,109.40558700032723,-37.59441299967277,unknown
3390379568410252842,2025-08-12T14:39:52,Sortie vélo dans l'après-midi,10100718,D9B Climb from Liebenswiller,327,289.2993226050596,-37.700677394940385,unknown
3376521771301988226,2025-07-05T07:43:00,Sortie vélo le matin,11084743,CLM_Wahlbach - Tagsdorf,285,247.2313075983572,-37.768692401642795,unknown
3281294371026227544,2024-10-15T15:03:57,Sortie vélo dans l'après-midi,6845487,Rämpli,334,296.1273734008307,-37.87262659916928,unknown
3251239526058159826,2024-07-24T16:33:25,Sortie vélo dans l'après-midi,6845487,Rämpli,334,296.1273734008307,-37.87262659916928,unknown
3480258563294098930,2026-04-17T15:08:47,Beau tour avec Arnaud et Joël ☀️,12718646,Raedersdorf Bosse Sprint ,218,179.91678311819877,-38.083216881801235,unknown
3383502281257173528,2025-07-24T16:00:41,Sortie vélo dans l'après-midi,10140676,jettingen - D419 climb,166,127.90244769442664,-38.09755230557336,unknown
3521084897560938372,2026-08-08T07:16:27,Morning Ride,4611692,Power and Push,168,129.57862664655724,-38.42137335344276,unknown
3239600097680840352,2024-06-22T14:04:08,Sortie vélo dans l'après-midi,8459792,Bertenheim - Sierentz,148,109.40558700032723,-38.59441299967277,unknown
3475446714180581274,2026-04-04T08:28:05,Sortie vélo le matin,12282326,Hégenheim - Golf Climb,395,356.1440302693478,-38.85596973065219,unknown
3524432242610044192,2026-08-17T13:07:13,Evening Ride,16768815,Montée St Blaise / Bettlach (rue des Romains),239,199.99862156971304,-39.00137843028696,unknown
3252205595935874688,2024-07-27T08:26:33,Vdr à 4,16768815,Montée St Blaise / Bettlach (rue des Romains),239,199.99862156971304,-39.00137843028696,unknown
3376521771302326146,2025-07-05T07:28:19,Sortie vélo le matin,34523060,Montée de Waltenheim à la rue des champs,98,58.95813193722008,-39.04186806277992,unknown
3184159759211245386,2024-01-21T13:45:17,Sortie vélo dans l'après-midi,12505001,Coup de cul de Folgensbourg,108,68.60865790740621,-39.39134209259379,unknown
3339643879156373894,2025-03-25T15:26:18,Sortie vélo dans l'après-midi,6826358,montée de rantzwiller,253,213.52352629905752,-39.47647370094248,unknown
3527623301624845618,2026-08-26T09:01:33,Sortie vélo le matin,8459792,Bertenheim - Sierentz,149,109.40558700032723,-39.59441299967277,unknown
3253061148761468600,2024-07-29T17:31:20,Sortie vélo dans l'après-midi,8459792,Bertenheim - Sierentz,149,109.40558700032723,-39.59441299967277,unknown
3514649797578348638,2026-07-21T13:01:20,Sortie vélo dans l'après-midi,11084743,CLM_Wahlbach - Tagsdorf,287,247.2313075983572,-39.768692401642795,unknown
3479536233148828448,2026-04-15T14:52:47,Sortie vélo dans l'après-midi,12282326,Hégenheim - Golf Climb,396,356.1440302693478,-39.85596973065219,unknown
3401872196777312456,2025-09-13T08:30:56,Sortie vélo le matin,16768815,Montée St Blaise / Bettlach (rue des Romains),240,199.99862156971304,-40.00137843028696,unknown
3413208631092295284,2025-10-14T14:31:41,Sortie vélo dans l'après-midi,34523060,Montée de Waltenheim à la rue des champs,99,58.95813193722008,-40.04186806277992,unknown
3273684518903468372,2024-09-24T14:31:42,Sortie vélo dans l'après-midi 💨 💨,10140676,jettingen - D419 climb,168,127.90244769442664,-40.09755230557336,unknown
3371159803404965848,2025-06-20T14:47:15,Sortie vélo dans l'après-midi,21002780,Faux Plat - Hardt Section 3,86,45.79402959263938,-40.20597040736062,unknown
3344712352195863316,2025-04-08T14:59:00,Sortie vélo dans l'après-midi,22049362,Jet sprint,70,29.52610420218024,-40.473895797819765,unknown
3399341200723871960,2025-09-06T09:01:10,Sortie vélo le matin,8459792,Bertenheim - Sierentz,150,109.40558700032723,-40.59441299967277,unknown
3253061157482921656,2024-07-29T16:07:13,Sortie vélo dans l'après-midi,11084743,CLM_Wahlbach - Tagsdorf,288,247.2313075983572,-40.768692401642795,unknown
3413208631093340788,2025-10-14T14:46:34,Sortie vélo dans l'après-midi,11084743,CLM_Wahlbach - Tagsdorf,288,247.2313075983572,-40.768692401642795,unknown
3186298139408947798,2024-01-27T10:21:31,Sortie vélo le midi,1440671,D431 Climb,259,218.20729014102076,-40.79270985897924,unknown
3230931805362761548,2024-05-29T15:36:31,Sortie vélo dans l'après-midi,10140676,jettingen - D419 climb,169,127.90244769442664,-41.09755230557336,unknown
3272585599911191718,2024-09-21T14:21:48,Still recovery 🪫,21002780,Faux Plat - Hardt Section 3,87,45.79402959263938,-41.20597040736062,unknown
3521084897561014148,2026-08-08T07:00:00,Morning Ride,12718756,Hippoltskirch - Raedersdorf Sprint,134,92.537894056368,-41.462105943632,unknown
3513868255541293424,2026-07-19T09:49:11,Sortie vélo le midi,4611692,Power and Push,172,129.57862664655724,-42.42137335344276,unknown
3511665026270918088,2026-07-13T08:07:57,Sortie vélo le matin,8459792,Bertenheim - Sierentz,152,109.40558700032723,-42.59441299967277,unknown
3255940100294238972,2024-08-06T14:33:49,Sortie vélo dans l'après-midi,10100718,D9B Climb from Liebenswiller,332,289.2993226050596,-42.700677394940385,unknown
3392439743464889064,2025-08-18T07:13:11,Sortie vélo le matin,27421343,Bunker-golf,174,131.11169044815114,-42.88830955184886,unknown
3189165688201748178,2024-02-04T08:05:15,Sortie vélo le matin,15223186,Km-Sprint-Hardwald (VCA race),116,73.05071967593301,-42.94928032406699,unknown
3424443216125264662,2025-11-14T14:31:07,Sortie vélo dans l'après-midi,34523060,Montée de Waltenheim à la rue des champs,102,58.95813193722008,-43.04186806277992,unknown
3499015092641150688,2026-06-08T09:46:43,Sortie vélo le midi,28296786,A bloc dans les champs vers Franken!!! VLT,99,55.846952600872655,-43.153047399127345,unknown
3403440546864254874,2025-09-17T15:21:28,Sortie vélo dans l'après-midi,3977597,Blochmont Climb,735,691.8358329027518,-43.164167097248196,unknown
3514649797579164766,2026-07-21T13:53:32,Sortie vélo dans l'après-midi,8459792,Bertenheim - Sierentz,153,109.40558700032723,-43.59441299967277,unknown
3376521771296768898,2025-07-05T09:36:05,Sortie vélo le matin,8459792,Bertenheim - Sierentz,153,109.40558700032723,-43.59441299967277,unknown
3184159759210058570,2024-01-21T14:20:13,Sortie vélo dans l'après-midi,8459792,Bertenheim - Sierentz,153,109.40558700032723,-43.59441299967277,unknown
3399703045470496984,2025-09-07T08:13:25,Sortie vélo le matin,16257055,X Climb,309,265.19859234780876,-43.801407652191244,unknown
3225139837637532434,2024-05-13T15:22:54,Sortie vélo dans l'après-midi,13393443,Rue vieille,80,35.97356214435254,-44.02643785564746,unknown
3410665847977481990,2025-10-07T14:08:33,Sortie vélo dans l'après-midi,34523060,Montée de Waltenheim à la rue des champs,103,58.95813193722008,-44.04186806277992,unknown
3480553254956437344,2026-04-18T11:45:31,Sortie vélo le midi,8459792,Bertenheim - Sierentz,154,109.40558700032723,-44.59441299967277,unknown
3424443216125814550,2025-11-14T15:39:31,Sortie vélo dans l'après-midi,8459792,Bertenheim - Sierentz,154,109.40558700032723,-44.59441299967277,unknown
3399341200720064728,2025-09-06T07:31:56,Sortie vélo le matin,11084743,CLM_Wahlbach - Tagsdorf,292,247.2313075983572,-44.768692401642795,unknown
3399341200723049688,2025-09-06T07:16:49,Sortie vélo le matin,34523060,Montée de Waltenheim à la rue des champs,104,58.95813193722008,-45.04186806277992,unknown
3328054146790427440,2025-02-21T15:14:52,Sortie vélo dans l'après-midi,28296786,A bloc dans les champs vers Franken!!! VLT,101,55.846952600872655,-45.153047399127345,unknown
3480258563294235122,2026-04-17T15:23:58,Beau tour avec Arnaud et Joël ☀️,4611692,Power and Push,175,129.57862664655724,-45.42137335344276,unknown
3368529654706558780,2025-06-13T08:04:09,Sortie vélo le matin,12718756,Hippoltskirch - Raedersdorf Sprint,138,92.537894056368,-45.462105943632,unknown
3213891305173483236,2024-04-12T14:39:00,Sortie vélo dans l'après-midi,12718756,Hippoltskirch - Raedersdorf Sprint,138,92.537894056368,-45.462105943632,unknown
3504746014951976186,2026-06-24T05:51:18,Morning Ride,8459792,Bertenheim - Sierentz,155,109.40558700032723,-45.59441299967277,unknown
3265721596012235090,2024-09-02T15:48:56,Sortie vélo dans l'après-midi,8459792,Bertenheim - Sierentz,155,109.40558700032723,-45.59441299967277,unknown
3410665847979311878,2025-10-07T14:23:31,Sortie vélo dans l'après-midi,11084743,CLM_Wahlbach - Tagsdorf,293,247.2313075983572,-45.768692401642795,unknown
3482063832869899648,2026-04-22T14:19:47,Sortie vélo dans l'après-midi,27421343,Bunker-golf,177,131.11169044815114,-45.88830955184886,unknown
3207739199618721586,2024-03-26T15:18:26,Sortie vélo dans l'après-midi,28296786,A bloc dans les champs vers Franken!!! VLT,102,55.846952600872655,-46.153047399127345,unknown
3255557518355441346,2024-08-05T14:48:42,Sortie vélo dans l'après-midi,21002780,Faux Plat - Hardt Section 3,92,45.79402959263938,-46.20597040736062,unknown
3292535126219545824,2024-11-15T15:00:31,Sortie vélo dans l'après-midi,12718756,Hippoltskirch - Raedersdorf Sprint,139,92.537894056368,-46.462105943632,unknown
3251869388994362266,2024-07-26T10:39:22,Sortie vélo le midi,8459792,Bertenheim - Sierentz,156,109.40558700032723,-46.59441299967277,unknown
3419364676373294420,2025-10-31T14:20:30,Sortie vélo dans l'après-midi,6698872,Hagenthal le Haut,512,465.40298924199357,-46.597010758006434,unknown
3275868555949063334,2024-09-30T15:06:54,Sortie vélo dans l'après-midi,1440671,D431 Climb,265,218.20729014102076,-46.79270985897924,unknown
3384471239846629130,2025-07-27T08:09:05,Sortie vélo le matin,16768815,Montée St Blaise / Bettlach (rue des Romains),247,199.99862156971304,-47.00137843028696,unknown
3279444098993023128,2024-10-10T11:59:00,Sortie vélo dans l'après-midi,13393443,Rue vieille,83,35.97356214435254,-47.02643785564746,unknown
3420459518361473874,2025-11-03T14:58:01,Sortie vélo dans l'après-midi,34523060,Montée de Waltenheim à la rue des champs,106,58.95813193722008,-47.04186806277992,unknown
3372253438511161246,2025-06-23T14:38:04,Sortie vélo dans l'après-midi,28296786,A bloc dans les champs vers Franken!!! VLT,103,55.846952600872655,-47.153047399127345,unknown
3526172294816962096,2026-08-22T08:51:49,Sortie vélo le matin,7260219,Folgensbourg Petit Fast Lane,371,323.63702682715194,-47.36297317284806,unknown
3503067685012935264,2026-06-19T14:29:24,Afternoon Ride,12718756,Hippoltskirch - Raedersdorf Sprint,140,92.537894056368,-47.462105943632,unknown
3393913125798094916,2025-08-22T09:42:14,Sortie vélo le matin,8459792,Bertenheim - Sierentz,157,109.40558700032723,-47.59441299967277,unknown
3388486014696146066,2025-08-07T09:12:25,Sortie vélo le midi,34523060,Montée de Waltenheim à la rue des champs,107,58.95813193722008,-48.04186806277992,unknown
3356282890385016526,2025-05-10T12:30:08,Sortie vélo dans l'après-midi,34523060,Montée de Waltenheim à la rue des champs,107,58.95813193722008,-48.04186806277992,unknown
3266439044690291878,2024-09-04T14:43:08,Sortie vélo dans l'après-midi,28296786,A bloc dans les champs vers Franken!!! VLT,104,55.846952600872655,-48.153047399127345,unknown
3273684518902585684,2024-09-24T14:24:38,Sortie vélo dans l'après-midi 💨 💨,28296786,A bloc dans les champs vers Franken!!! VLT,104,55.846952600872655,-48.153047399127345,unknown
3351500208865623182,2025-04-27T08:21:13,Sortie vélo le matin,12718756,Hippoltskirch - Raedersdorf Sprint,141,92.537894056368,-48.462105943632,unknown
3193611798090842068,2024-02-16T16:01:07,Sortie vélo dans l'après-midi,7464088,Mur de Franken,167,118.50061513888753,-48.499384861112475,unknown
3503690093504097118,2026-06-21T08:01:01,Morning Ride,8459792,Bertenheim - Sierentz,158,109.40558700032723,-48.59441299967277,unknown
3408506313792073612,2025-10-01T16:16:32,Sortie vélo dans l'après-midi,8459792,Bertenheim - Sierentz,158,109.40558700032723,-48.59441299967277,unknown
3332779539881206516,2025-03-06T16:58:45,Sortie vélo dans l'après-midi,8459792,Bertenheim - Sierentz,158,109.40558700032723,-48.59441299967277,unknown
3298665959380451114,2024-12-02T13:50:05,Sortie vélo dans l'après-midi,8459792,Bertenheim - Sierentz,158,109.40558700032723,-48.59441299967277,unknown
3288924346880080674,2024-11-05T16:26:37,Bike ride au sunset,8459792,Bertenheim - Sierentz,158,109.40558700032723,-48.59441299967277,unknown
3338906501825406238,2025-03-23T13:17:00,Sortie vélo dans l'après-midi,34523060,Montée de Waltenheim à la rue des champs,108,58.95813193722008,-49.04186806277992,unknown
3482783529600297546,2026-04-24T15:10:08,Sortie vélo dans l'après-midi,12718646,Raedersdorf Bosse Sprint ,229,179.91678311819877,-49.083216881801235,unknown
3286724193280257528,2024-10-30T14:06:14,Reprise - base,28296786,A bloc dans les champs vers Franken!!! VLT,105,55.846952600872655,-49.153047399127345,unknown
3406322403582282684,2025-09-25T14:51:47,Sortie vélo dans l'après-midi,28296786,A bloc dans les champs vers Franken!!! VLT,105,55.846952600872655,-49.153047399127345,unknown
3294347685408872352,2024-11-20T15:36:08,Vite avant la neige 🥶,28296786,A bloc dans les champs vers Franken!!! VLT,105,55.846952600872655,-49.153047399127345,unknown
3239600097681092256,2024-06-22T13:37:10,Sortie vélo dans l'après-midi,6826358,montée de rantzwiller,263,213.52352629905752,-49.47647370094248,unknown
3356282890385003214,2025-05-10T13:39:17,Sortie vélo dans l'après-midi,8459792,Bertenheim - Sierentz,159,109.40558700032723,-49.59441299967277,unknown
3523274721369587976,2026-08-14T08:47:55,Sortie vélo le matin,6845487,Rämpli,346,296.1273734008307,-49.87262659916928,unknown
3474101819559249052,2026-03-31T15:13:00,Sortie vélo dans l'après-midi,34523060,Montée de Waltenheim à la rue des champs,109,58.95813193722008,-50.04186806277992,unknown
3474797266098876772,2026-04-02T14:23:29,Sortie vélo dans l'après-midi,12718756,Hippoltskirch - Raedersdorf Sprint,143,92.537894056368,-50.462105943632,unknown
3225139837638413074,2024-05-13T15:18:09,Sortie vélo dans l'après-midi,24029289,Veloroute Dietwiller-Eschentzwiller,219,168.5357824232735,-50.4642175767265,unknown
3415747771894566020,2025-10-21T15:02:57,Sortie vélo dans l'après-midi,8459792,Bertenheim - Sierentz,160,109.40558700032723,-50.59441299967277,unknown
3375878375340555088,2025-07-03T15:25:02,Sortie vélo dans l'après-midi,8459792,Bertenheim - Sierentz,160,109.40558700032723,-50.59441299967277,unknown
3344712352191824660,2025-04-08T15:19:13,Sortie vélo dans l'après-midi,8459792,Bertenheim - Sierentz,160,109.40558700032723,-50.59441299967277,unknown
3205942524263149946,2024-03-21T16:00:03,Sortie vélo dans l'après-midi,16257055,X Climb,316,265.19859234780876,-50.801407652191244,unknown
3394630365124160392,2025-08-24T07:41:10,Sortie vélo le matin,7872662,Pont de Roide - Noirefontaine,388,337.1491339705405,-50.850866029459496,unknown
3470746875260828436,2026-03-22T09:53:30,Sortie vélo le matin,6845487,Rämpli,347,296.1273734008307,-50.87262659916928,unknown
3482336688343274266,2026-04-23T09:43:04,Sortie vélo le midi,16121300,Eschentzwiller - Habsheim,115,64.05427369026981,-50.94572630973019,unknown
3408506313794176908,2025-10-01T15:30:54,Sortie vélo dans l'après-midi,24029289,Veloroute Dietwiller-Eschentzwiller,220,168.5357824232735,-51.4642175767265,unknown
3518562092994286090,2026-08-01T08:56:56,Morning Ride,8459792,Bertenheim - Sierentz,161,109.40558700032723,-51.59441299967277,unknown
3338906501826436382,2025-03-23T14:44:19,Sortie vélo dans l'après-midi,8459792,Bertenheim - Sierentz,161,109.40558700032723,-51.59441299967277,unknown
3331663933783909196,2025-03-03T15:11:41,Sortie vélo dans l'après-midi,8459792,Bertenheim - Sierentz,161,109.40558700032723,-51.59441299967277,unknown
3482783529601139274,2026-04-24T14:00:25,Sortie vélo dans l'après-midi,3977597,Blochmont Climb,744,691.8358329027518,-52.164167097248196,unknown
3338906501826273566,2025-03-23T14:09:40,Sortie vélo dans l'après-midi,12505001,Coup de cul de Folgensbourg,121,68.60865790740621,-52.39134209259379,unknown
3477272261952192698,2026-04-09T09:40:19,Sortie vélo le matin,12718756,Hippoltskirch - Raedersdorf Sprint,145,92.537894056368,-52.462105943632,unknown
3363172684861126402,2025-05-29T13:41:28,Sortie vélo dans l'après-midi,6826358,montée de rantzwiller,266,213.52352629905752,-52.47647370094248,unknown
3388486014696218770,2025-08-07T10:23:08,Sortie vélo le midi,8459792,Bertenheim - Sierentz,162,109.40558700032723,-52.59441299967277,unknown
3406933478065148208,2025-09-27T07:45:02,1er sortie automnale en long / rappels au seuil,6845487,Rämpli,349,296.1273734008307,-52.87262659916928,unknown
3364270695477933108,2025-06-01T12:55:47,Sortie vélo dans l'après-midi,34523060,Montée de Waltenheim à la rue des champs,112,58.95813193722008,-53.04186806277992,unknown
3230931805361413964,2024-05-29T14:40:20,Sortie vélo dans l'après-midi,28296786,A bloc dans les champs vers Franken!!! VLT,109,55.846952600872655,-53.153047399127345,unknown
3223940977135963558,2024-05-10T07:01:27,La Sundgauvienne GFNY,12020671,Langematte Climb Hard Part,364,310.7939341410666,-53.206065858933414,unknown
3213891305173958372,2024-04-12T14:14:22,Sortie vélo dans l'après-midi,12020671,Langematte Climb Hard Part,364,310.7939341410666,-53.206065858933414,unknown
3272943048671246502,2024-09-22T14:12:26,Sortie vélo dans l'après-midi,8459792,Bertenheim - Sierentz,163,109.40558700032723,-53.59441299967277,unknown
3266439044687992998,2024-09-04T15:28:22,Sortie vélo dans l'après-midi,8459792,Bertenheim - Sierentz,163,109.40558700032723,-53.59441299967277,unknown
3482336688345044762,2026-04-23T09:33:08,Sortie vélo le midi,11047244,Schlierbach - Dietwiller,101,47.03288184400772,-53.96711815599228,unknown
3511665026270370248,2026-07-13T06:30:13,Sortie vélo le matin,34523060,Montée de Waltenheim à la rue des champs,113,58.95813193722008,-54.04186806277992,unknown
3331663933781958476,2025-03-03T14:53:05,Sortie vélo dans l'après-midi,10140676,jettingen - D419 climb,182,127.90244769442664,-54.09755230557336,unknown
3361288507672549804,2025-05-24T08:31:39,Vélo du matin,28296786,A bloc dans les champs vers Franken!!! VLT,110,55.846952600872655,-54.153047399127345,unknown
3498631251096911744,2026-06-07T08:30:59,Sortie vélo le matin,15513338,D57 short,266,211.53251606701895,-54.467483932981054,unknown
3229122131014307856,2024-05-24T15:39:29,Sortie vélo dans l'après-midi,6826358,montée de rantzwiller,268,213.52352629905752,-54.47647370094248,unknown
3300125548514859302,2024-12-06T13:46:47,Sortie vélo dans l'après-midi,8822290,Habsheim - Pont de Petit-Landau,456,401.51195020657684,-54.48804979342316,unknown
3499015092640749280,2026-06-08T10:25:51,Sortie vélo le midi,8459792,Bertenheim - Sierentz,164,109.40558700032723,-54.59441299967277,unknown
3365735422901187568,2025-06-05T15:21:24,Sortie vélo dans l'après-midi,13393443,Rue vieille,91,35.97356214435254,-55.02643785564746,unknown
3480894997240031254,2026-04-19T06:35:14,Sortie vélo le matin,34523060,Montée de Waltenheim à la rue des champs,114,58.95813193722008,-55.04186806277992,unknown
3257277988952403876,2024-08-10T08:33:14,Sortie vélo le matin,7260219,Folgensbourg Petit Fast Lane,379,323.63702682715194,-55.36297317284806,unknown
3279444098992725144,2024-10-10T11:54:09,Sortie vélo dans l'après-midi,24029289,Veloroute Dietwiller-Eschentzwiller,224,168.5357824232735,-55.4642175767265,unknown
3514305743602347480,2026-07-20T14:51:55,Sortie vélo dans l'après-midi,8459792,Bertenheim - Sierentz,165,109.40558700032723,-55.59441299967277,unknown
3379888079234486850,2025-07-14T16:58:01,Sortie vélo dans l'après-midi,8459792,Bertenheim - Sierentz,165,109.40558700032723,-55.59441299967277,unknown
3418206922274306352,2025-10-28T10:09:07,Vite en profitant de l’éclaircie / rappel Vo2max,9248195,Burg Climb,128,72.39811735865614,-55.60188264134386,unknown
3230931805363240780,2024-05-29T15:18:31,Sortie vélo dans l'après-midi,6620406,Montée de Willer,272,216.37818120568386,-55.62181879431614,unknown
3253998506899313874,2024-08-01T06:09:37,Sortie vélo le matin,1440671,D431 Climb,274,218.20729014102076,-55.79270985897924,unknown
3501581062242287596,2026-06-15T11:56:11,Sortie vélo le midi,16768815,Montée St Blaise / Bettlach (rue des Romains),256,199.99862156971304,-56.00137843028696,unknown
3401629336380285184,2025-09-12T16:16:13,Sortie vélo dans l'après-midi,15513338,D57 short,268,211.53251606701895,-56.467483932981054,unknown
3379888079235683906,2025-07-14T16:15:05,Sortie vélo dans l'après-midi,15513338,D57 short,268,211.53251606701895,-56.467483932981054,unknown
3276946538108057132,2024-10-03T14:25:00,Sortie vélo dans l'après-midi,1174466,Metzerlen-Challpass Climb,564,507.465833407552,-56.534166592448,unknown
3233123809222689292,2024-06-04T17:07:01,Sortie vélo dans l'après-midi,8459792,Bertenheim - Sierentz,166,109.40558700032723,-56.59441299967277,unknown
3524432242613087520,2026-08-17T12:50:47,Evening Ride,6698872,Hagenthal le Haut,522,465.40298924199357,-56.597010758006434,unknown
3424443216126626582,2025-11-14T14:46:19,Sortie vélo dans l'après-midi,11084743,CLM_Wahlbach - Tagsdorf,304,247.2313075983572,-56.768692401642795,unknown
3397627508313578168,2025-09-01T15:17:09,Sortie vélo dans l'après-midi,10140676,jettingen - D419 climb,185,127.90244769442664,-57.09755230557336,unknown
3341425904895108364,2025-03-30T13:17:41,Sortie vélo dans l'après-midi,28296786,A bloc dans les champs vers Franken!!! VLT,113,55.846952600872655,-57.153047399127345,unknown
3247251974488345366,2024-07-13T15:52:14,Sortie vélo dans l'après-midi,15513338,D57 short,269,211.53251606701895,-57.467483932981054,unknown
3275476780773527576,2024-09-29T13:48:02,Sortie vélo dans l'après-midi,6826358,montée de rantzwiller,271,213.52352629905752,-57.47647370094248,unknown
3471573264578255610,2026-03-24T17:00:45,Sortie vélo dans l'après-midi,8459792,Bertenheim - Sierentz,167,109.40558700032723,-57.59441299967277,unknown
3397627508315610808,2025-09-01T15:36:01,Sortie vélo dans l'après-midi,8459792,Bertenheim - Sierentz,167,109.40558700032723,-57.59441299967277,unknown
3282022195424565720,2024-10-17T15:34:19,Sortie vélo dans l'après-midi,8459792,Bertenheim - Sierentz,167,109.40558700032723,-57.59441299967277,unknown
3194250108374462830,2024-02-18T10:40:39,Sortie vélo le matin,8459792,Bertenheim - Sierentz,167,109.40558700032723,-57.59441299967277,unknown
3474101819559189660,2026-03-31T15:28:11,Sortie vélo dans l'après-midi,11084743,CLM_Wahlbach - Tagsdorf,305,247.2313075983572,-57.768692401642795,unknown
3251239526055799506,2024-07-24T16:08:03,Sortie vélo dans l'après-midi,16768815,Montée St Blaise / Bettlach (rue des Romains),258,199.99862156971304,-58.00137843028696,unknown
3340740023317136302,2025-03-28T15:50:09,Sortie vélo dans l'après-midi,4611692,Power and Push,188,129.57862664655724,-58.42137335344276,unknown
3524801012862450572,2026-08-18T14:06:07,Sortie vélo dans l'après-midi,8459792,Bertenheim - Sierentz,168,109.40558700032723,-58.59441299967277,unknown
3238165397257217356,2024-06-18T14:49:02,Sortie vélo dans l'après-midi,8459792,Bertenheim - Sierentz,168,109.40558700032723,-58.59441299967277,unknown
3226900251766369454,2024-05-18T12:59:06,Sortie vélo dans l'après-midi,8459792,Bertenheim - Sierentz,168,109.40558700032723,-58.59441299967277,unknown
3524801012861393804,2026-08-18T12:24:11,Sortie vélo dans l'après-midi,34523060,Montée de Waltenheim à la rue des champs,118,58.95813193722008,-59.04186806277992,unknown
3191710281567530904,2024-02-11T09:56:18,Sortie vélo le matin - Intervalles de 30 secondes (20 fois),4611692,Power and Push,189,129.57862664655724,-59.42137335344276,unknown
3521899968028338402,2026-08-10T14:04:13,Afternoon Ride,8459792,Bertenheim - Sierentz,169,109.40558700032723,-59.59441299967277,unknown
3328054146789360432,2025-02-21T16:11:36,Sortie vélo dans l'après-midi,8459792,Bertenheim - Sierentz,169,109.40558700032723,-59.59441299967277,unknown
3400885925530867370,2025-09-10T14:17:46,Sortie vélo dans l'après-midi,6698872,Hagenthal le Haut,525,465.40298924199357,-59.597010758006434,unknown
3207739199620507442,2024-03-26T15:38:46,Sortie vélo dans l'après-midi,10140676,jettingen - D419 climb,188,127.90244769442664,-60.09755230557336,unknown
3238165397256331596,2024-06-18T13:58:12,Sortie vélo dans l'après-midi,24029289,Veloroute Dietwiller-Eschentzwiller,229,168.5357824232735,-60.4642175767265,unknown
3419364676372502868,2025-10-31T14:40:18,Sortie vélo dans l'après-midi,9113522,Rolling down Folgensbourg ~ Hagental,364,303.4163363225544,-60.5836636774456,unknown
3500507144915004046,2026-06-12T13:13:42,Sortie vélo dans l'après-midi,8459792,Bertenheim - Sierentz,170,109.40558700032723,-60.59441299967277,unknown
3413208631094560372,2025-10-14T15:39:12,Sortie vélo dans l'après-midi,8459792,Bertenheim - Sierentz,170,109.40558700032723,-60.59441299967277,unknown
3232376739589465942,2024-06-02T15:37:09,Sortie vélo dans l'après-midi,8459792,Bertenheim - Sierentz,170,109.40558700032723,-60.59441299967277,unknown
3480258563294347762,2026-04-17T15:18:32,Beau tour avec Arnaud et Joël ☀️,16768815,Montée St Blaise / Bettlach (rue des Romains),261,199.99862156971304,-61.00137843028696,unknown
3279444098989752472,2024-10-10T12:18:57,Sortie vélo dans l'après-midi,15513338,D57 short,273,211.53251606701895,-61.467483932981054,unknown
3500788231472566694,2026-06-13T07:50:35,Morning Ride,8459792,Bertenheim - Sierentz,171,109.40558700032723,-61.59441299967277,unknown
3500102883886520718,2026-06-11T10:27:19,Lunch Ride,8459792,Bertenheim - Sierentz,171,109.40558700032723,-61.59441299967277,unknown
3410665847978441478,2025-10-07T15:18:09,Sortie vélo dans l'après-midi,8459792,Bertenheim - Sierentz,171,109.40558700032723,-61.59441299967277,unknown
3251239526059132626,2024-07-24T15:36:40,Sortie vélo dans l'après-midi,6698872,Hagenthal le Haut,527,465.40298924199357,-61.597010758006434,unknown
3504746014951032058,2026-06-24T04:56:56,Morning Ride,11084743,CLM_Wahlbach - Tagsdorf,309,247.2313075983572,-61.768692401642795,unknown
3403440546867131290,2025-09-17T16:30:52,Sortie vélo dans l'après-midi,6845487,Rämpli,358,296.1273734008307,-61.87262659916928,unknown
3520116473152805582,2026-08-05T15:07:09,Afternoon Ride,30141712,CLM Tagsdorf -> Hundsbach,357,295.0378207943921,-61.962179205607924,unknown
3521084897560504196,2026-08-08T07:10:57,Morning Ride,16768815,Montée St Blaise / Bettlach (rue des Romains),262,199.99862156971304,-62.00137843028696,unknown
3520116473227506382,2026-08-05T14:42:40,Afternoon Ride,34523060,Montée de Waltenheim à la rue des champs,121,58.95813193722008,-62.04186806277992,unknown
3500102883885109646,2026-06-11T09:14:50,Lunch Ride,34523060,Montée de Waltenheim à la rue des champs,121,58.95813193722008,-62.04186806277992,unknown
3513867981306833124,2026-07-19T08:00:30,Sortie vélo le matin,7052396,Luppach - Ferrette,328,265.9124865310388,-62.08751346896122,unknown
3384471239848665866,2025-07-27T08:14:13,Sortie vélo le matin,4611692,Power and Push,192,129.57862664655724,-62.42137335344276,unknown
3255940100288649980,2024-08-06T15:54:08,Sortie vélo dans l'après-midi,4611692,Power and Push,192,129.57862664655724,-62.42137335344276,unknown
3512015993015329844,2026-07-14T07:25:07,Sortie vélo le matin,8459792,Bertenheim - Sierentz,172,109.40558700032723,-62.59441299967277,unknown
3406322392354981820,2025-09-25T15:37:11,Sortie vélo dans l'après-midi,8459792,Bertenheim - Sierentz,172,109.40558700032723,-62.59441299967277,unknown
3377704304224994936,2025-07-08T16:20:36,Sortie vélo dans l'après-midi,8459792,Bertenheim - Sierentz,172,109.40558700032723,-62.59441299967277,unknown
3337488342486260804,2025-03-19T16:49:13,Sortie vélo dans l'après-midi,8459792,Bertenheim - Sierentz,172,109.40558700032723,-62.59441299967277,unknown
3338906501825291550,2025-03-23T13:32:58,Sortie vélo dans l'après-midi,11084743,CLM_Wahlbach - Tagsdorf,310,247.2313075983572,-62.768692401642795,unknown
3521084897562394500,2026-08-08T07:00:23,Morning Ride,12718646,Raedersdorf Bosse Sprint ,243,179.91678311819877,-63.083216881801235,unknown
3423732683469191164,2025-11-12T15:41:52,Sortie vélo dans l'après-midi,4611692,Power and Push,193,129.57862664655724,-63.42137335344276,unknown
3520116473155992270,2026-08-05T15:54:07,Afternoon Ride,8459792,Bertenheim - Sierentz,173,109.40558700032723,-63.59441299967277,unknown
3474101819559940252,2026-03-31T16:27:50,Sortie vélo dans l'après-midi,8459792,Bertenheim - Sierentz,173,109.40558700032723,-63.59441299967277,unknown
3382776145567006312,2025-07-22T16:10:22,Sortie vélo dans l'après-midi,8459792,Bertenheim - Sierentz,173,109.40558700032723,-63.59441299967277,unknown
3342544485694287970,2025-04-02T15:42:05,Sortie vélo dans l'après-midi,8459792,Bertenheim - Sierentz,173,109.40558700032723,-63.59441299967277,unknown
3329138733065674436,2025-02-24T16:01:21,Sortie vélo dans l'après-midi,8459792,Bertenheim - Sierentz,173,109.40558700032723,-63.59441299967277,unknown
3356282890383077070,2025-05-10T12:45:40,Sortie vélo dans l'après-midi,11084743,CLM_Wahlbach - Tagsdorf,311,247.2313075983572,-63.768692401642795,unknown
3422186329292664124,2025-11-08T09:44:20,Sortie vélo le matin,16768815,Montée St Blaise / Bettlach (rue des Romains),264,199.99862156971304,-64.00137843028696,unknown
3243970623268818896,2024-07-04T14:19:43,Sortie vélo dans l'après-midi,34523060,Montée de Waltenheim à la rue des champs,123,58.95813193722008,-64.04186806277991,unknown
3529066120786643916,2026-08-30T07:45:41,Sortie vélo le matin,3977597,Blochmont Climb,756,691.8358329027518,-64.1641670972482,unknown
3399703045470160088,2025-09-07T08:10:48,Sortie vélo le matin,7629867,Flüh to Mariastein road climb,442,377.50987700750017,-64.49012299249983,unknown
3521084854862826612,2026-08-08T08:01:25,Morning Ride,8459792,Bertenheim - Sierentz,174,109.40558700032723,-64.59441299967277,unknown
3506687565708077308,2026-06-29T14:31:39,Afternoon Ride,8459792,Bertenheim - Sierentz,174,109.40558700032723,-64.59441299967277,unknown
3286724193279932920,2024-10-30T14:55:34,Reprise - base,8459792,Bertenheim - Sierentz,174,109.40558700032723,-64.59441299967277,unknown
3423732683469213692,2025-11-12T14:47:57,Sortie vélo dans l'après-midi,16257055,X Climb,330,265.19859234780876,-64.80140765219124,unknown
3423732683469851644,2025-11-12T15:36:27,Sortie vélo dans l'après-midi,16768815,Montée St Blaise / Bettlach (rue des Romains),265,199.99862156971304,-65.00137843028696,unknown
3345797087377215338,2025-04-11T14:41:44,Sortie vélo dans l'après-midi,21932389,Final Challpass,138,72.76513489382334,-65.23486510617666,unknown
3243970623267992528,2024-07-04T15:28:30,Sortie vélo dans l'après-midi,8459792,Bertenheim - Sierentz,175,109.40558700032723,-65.59441299967277,unknown
3281294371027641688,2024-10-15T14:44:34,Sortie vélo dans l'après-midi,9248195,Burg Climb,138,72.39811735865614,-65.60188264134386,unknown
3395343650308644438,2025-08-26T06:30:07,Grand ballon,1440671,D431 Climb,284,218.20729014102076,-65.79270985897924,unknown
3511665026272072136,2026-07-13T07:48:43,Sortie vélo le matin,10140676,jettingen - D419 climb,194,127.90244769442664,-66.09755230557336,unknown
3529873194619916250,2026-09-01T13:10:58,Afternoon Ride,15513338,D57 short,278,211.53251606701895,-66.46748393298105,unknown
3225139837638226706,2024-05-13T15:39:45,Sortie vélo dans l'après-midi,6826358,montée de rantzwiller,280,213.52352629905752,-66.47647370094248,unknown
3383502281257847320,2025-07-24T16:18:39,Sortie vélo dans l'après-midi,8459792,Bertenheim - Sierentz,176,109.40558700032723,-66.59441299967277,unknown
3300125548513531174,2024-12-06T14:30:32,Sortie vélo dans l'après-midi,8459792,Bertenheim - Sierentz,176,109.40558700032723,-66.59441299967277,unknown
3254410657689832052,2024-08-02T10:58:23,Sortie vélo le midi,8459792,Bertenheim - Sierentz,176,109.40558700032723,-66.59441299967277,unknown
3205942524265747834,2024-03-21T16:25:32,Sortie vélo dans l'après-midi,6845487,Rämpli,363,296.1273734008307,-66.87262659916928,unknown
3255557518355633858,2024-08-05T14:24:42,Sortie vélo dans l'après-midi,16121300,Eschentzwiller - Habsheim,131,64.05427369026981,-66.94572630973019,unknown
3506687565711999228,2026-06-29T13:52:52,Afternoon Ride,9379902,Montée Franken-PC,342,274.60404391773835,-67.39595608226165,unknown
3345797087375404906,2025-04-11T14:34:36,Sortie vélo dans l'après-midi,1174466,Metzerlen-Challpass Climb,575,507.465833407552,-67.534166592448,unknown
3213891305172156132,2024-04-12T14:18:49,Sortie vélo dans l'après-midi,14701912,Final hairpin,182,114.31215659742674,-67.68784340257326,unknown
3406933478065023280,2025-09-27T07:26:56,1er sortie automnale en long / rappels au seuil,21932389,Final Challpass,141,72.76513489382334,-68.23486510617666,unknown
3361288507673396652,2025-05-24T09:09:14,Vélo du matin,8459792,Bertenheim - Sierentz,178,109.40558700032723,-68.59441299967277,unknown
3341425904895265036,2025-03-30T13:42:57,Sortie vélo dans l'après-midi,8459792,Bertenheim - Sierentz,178,109.40558700032723,-68.59441299967277,unknown
3203754864938023116,2024-03-15T16:09:29,Sortie vélo dans l'après-midi,8459792,Bertenheim - Sierentz,178,109.40558700032723,-68.59441299967277,unknown
3367815756045226592,2025-06-11T08:22:02,Sortie vélo le matin,6698872,Hagenthal le Haut,534,465.40298924199357,-68.59701075800643,unknown
3276578847828349092,2024-10-02T14:35:56,Sortie vélo dans l'après-midi,15513338,D57 short,281,211.53251606701895,-69.46748393298105,unknown
3480894997235520534,2026-04-19T10:13:19,Sortie vélo le matin,8459792,Bertenheim - Sierentz,179,109.40558700032723,-69.59441299967277,unknown
3230931805361982284,2024-05-29T15:55:40,Sortie vélo dans l'après-midi,8459792,Bertenheim - Sierentz,179,109.40558700032723,-69.59441299967277,unknown
3515766077643576436,2026-07-24T15:41:32,"Avec Arnaud , Jonathan et Joel ! 🥵🥵",4611692,Power and Push,200,129.57862664655724,-70.42137335344276,unknown
3238165397257288012,2024-06-18T14:08:08,Sortie vélo dans l'après-midi,15513338,D57 short,282,211.53251606701895,-70.46748393298105,unknown
3516390086274433064,2026-07-26T09:07:18,Morning Ride,8459792,Bertenheim - Sierentz,180,109.40558700032723,-70.59441299967277,unknown
3407763402738363614,2025-09-29T15:02:31,Sortie vélo dans l'après-midi,8459792,Bertenheim - Sierentz,180,109.40558700032723,-70.59441299967277,unknown
3372253438510409630,2025-06-23T15:20:06,Sortie vélo dans l'après-midi,8459792,Bertenheim - Sierentz,180,109.40558700032723,-70.59441299967277,unknown
3207739199618728754,2024-03-26T15:59:45,Sortie vélo dans l'après-midi,8459792,Bertenheim - Sierentz,180,109.40558700032723,-70.59441299967277,unknown
3527991161743473332,2026-08-27T08:38:59,Sortie vélo le matin,6698872,Hagenthal le Haut,536,465.40298924199357,-70.59701075800643,unknown
3276946538108639788,2024-10-03T14:31:52,Sortie vélo dans l'après-midi,21932389,Final Challpass,144,72.76513489382334,-71.23486510617666,unknown
3507426350341524692,2026-07-01T15:21:23,Afternoon Ride,4611692,Power and Push,201,129.57862664655724,-71.42137335344276,unknown
3406933478065173808,2025-09-27T07:19:45,1er sortie automnale en long / rappels au seuil,1174466,Metzerlen-Challpass Climb,579,507.465833407552,-71.534166592448,unknown
3526919630181765460,2026-08-24T09:39:28,Sortie vélo le midi,16257055,X Climb,337,265.19859234780876,-71.80140765219124,unknown
3514649797581218910,2026-07-21T13:07:34,Sortie vélo dans l'après-midi,30141712,CLM Tagsdorf -> Hundsbach,367,295.0378207943921,-71.96217920560792,unknown
3368529654706026300,2025-06-13T08:04:31,Sortie vélo le matin,12718646,Raedersdorf Bosse Sprint ,252,179.91678311819877,-72.08321688180123,unknown
3420459518361719634,2025-11-03T15:51:22,Sortie vélo dans l'après-midi,8459792,Bertenheim - Sierentz,182,109.40558700032723,-72.59441299967277,unknown
3240704641298320676,2024-06-25T15:10:20,Sortie vélo dans l'après-midi,8459792,Bertenheim - Sierentz,182,109.40558700032723,-72.59441299967277,unknown
3220681421897348362,2024-05-01T08:46:01,Sortie vélo le matin,8459792,Bertenheim - Sierentz,182,109.40558700032723,-72.59441299967277,unknown
3526919630181576020,2026-08-24T10:10:53,Sortie vélo le midi,6845487,Rämpli,369,296.1273734008307,-72.87262659916928,unknown
3196157688198009332,2024-02-23T16:27:46,Sortie vélo dans l'après-midi,16768815,Montée St Blaise / Bettlach (rue des Romains),273,199.99862156971304,-73.00137843028696,unknown
3525530667480447374,2026-08-20T13:24:55,Afternoon Ride,21932389,Final Challpass,146,72.76513489382334,-73.23486510617666,unknown
3401872196778045640,2025-09-13T08:45:03,Sortie vélo le matin,7260219,Folgensbourg Petit Fast Lane,397,323.63702682715194,-73.36297317284806,unknown
3203400760829044940,2024-03-14T16:37:30,Sortie vélo dans l'après-midi,8459792,Bertenheim - Sierentz,183,109.40558700032723,-73.59441299967277,unknown
3292535126220440800,2024-11-15T15:00:52,Sortie vélo dans l'après-midi,12718646,Raedersdorf Bosse Sprint ,254,179.91678311819877,-74.08321688180123,unknown
3392439743466124008,2025-08-18T08:03:09,Sortie vélo le matin,7260219,Folgensbourg Petit Fast Lane,398,323.63702682715194,-74.36297317284806,unknown
3364270695472091188,2025-06-01T14:37:48,Sortie vélo dans l'après-midi,8459792,Bertenheim - Sierentz,184,109.40558700032723,-74.59441299967277,unknown
3476562127386238994,2026-04-07T10:07:59,Sortie vélo le midi,16257055,X Climb,340,265.19859234780876,-74.80140765219124,unknown
3251869388992341914,2024-07-26T10:21:23,Sortie vélo le midi,10140676,jettingen - D419 climb,203,127.90244769442664,-75.09755230557336,unknown
3482783529597573706,2026-04-24T15:25:41,Sortie vélo dans l'après-midi,4611692,Power and Push,205,129.57862664655724,-75.42137335344276,unknown
3422186329293713724,2025-11-08T09:49:50,Sortie vélo le matin,4611692,Power and Push,205,129.57862664655724,-75.42137335344276,unknown
3351500208865163406,2025-04-27T08:39:20,Sortie vélo le matin,4611692,Power and Push,205,129.57862664655724,-75.42137335344276,unknown
3196157688197369332,2024-02-23T16:33:26,Sortie vélo dans l'après-midi,4611692,Power and Push,205,129.57862664655724,-75.42137335344276,unknown
3205942524263144826,2024-03-21T15:57:20,Sortie vélo dans l'après-midi,7629867,Flüh to Mariastein road climb,453,377.50987700750017,-75.49012299249983,unknown
3418206922275258672,2025-10-28T09:27:38,Vite en profitant de l’éclaircie / rappel Vo2max,6698872,Hagenthal le Haut,541,465.40298924199357,-75.59701075800643,unknown
3223940977138276774,2024-05-10T07:05:48,La Sundgauvienne GFNY,14701912,Final hairpin,190,114.31215659742674,-75.68784340257326,unknown
3356282890384333518,2025-05-10T12:52:03,Sortie vélo dans l'après-midi,30141712,CLM Tagsdorf -> Hundsbach,371,295.0378207943921,-75.96217920560792,unknown
3503067685012458080,2026-06-19T14:29:46,Afternoon Ride,12718646,Raedersdorf Bosse Sprint ,256,179.91678311819877,-76.08321688180123,unknown
3272208429393523878,2024-09-20T12:44:35,Récup + base,15513338,D57 short,288,211.53251606701895,-76.46748393298105,unknown
3332779539882996468,2025-03-06T16:19:05,Sortie vélo dans l'après-midi,6826358,montée de rantzwiller,290,213.52352629905752,-76.47647370094248,unknown
3281294371027749208,2024-10-15T14:08:10,Sortie vélo dans l'après-midi,6698872,Hagenthal le Haut,542,465.40298924199357,-76.59701075800643,unknown
3420459518361899858,2025-11-03T15:13:31,Sortie vélo dans l'après-midi,11084743,CLM_Wahlbach - Tagsdorf,324,247.2313075983572,-76.7686924016428,unknown
3500102883886870926,2026-06-11T09:39:58,Lunch Ride,30141712,CLM Tagsdorf -> Hundsbach,372,295.0378207943921,-76.96217920560792,unknown
3513868255542371696,2026-07-19T09:43:32,Sortie vélo le midi,16768815,Montée St Blaise / Bettlach (rue des Romains),277,199.99862156971304,-77.00137843028696,unknown
3482783529593526858,2026-04-24T15:19:53,Sortie vélo dans l'après-midi,16768815,Montée St Blaise / Bettlach (rue des Romains),277,199.99862156971304,-77.00137843028696,unknown
3213891305174174436,2024-04-12T14:39:22,Sortie vélo dans l'après-midi,12718646,Raedersdorf Bosse Sprint ,258,179.91678311819877,-78.08321688180123,unknown
3344712352192250644,2025-04-08T14:59:07,Sortie vélo dans l'après-midi,10140676,jettingen - D419 climb,206,127.90244769442664,-78.09755230557336,unknown
3423732683468635132,2025-11-12T15:08:02,Sortie vélo dans l'après-midi,21932389,Final Challpass,151,72.76513489382334,-78.23486510617666,unknown
3298665959384262442,2024-12-02T13:09:43,Sortie vélo dans l'après-midi,15513338,D57 short,290,211.53251606701895,-78.46748393298105,unknown
3388486014698618002,2025-08-07T09:36:39,Sortie vélo le midi,30141712,CLM Tagsdorf -> Hundsbach,374,295.0378207943921,-78.96217920560792,unknown
3507426350338889940,2026-07-01T15:15:46,Afternoon Ride,16768815,Montée St Blaise / Bettlach (rue des Romains),279,199.99862156971304,-79.00137843028696,unknown
3396443144174281302,2025-08-29T08:16:08,Sortie vélo le matin,3977597,Blochmont Climb,771,691.8358329027518,-79.1641670972482,unknown
3479536233147435808,2026-04-15T16:06:31,Sortie vélo dans l'après-midi,7464088,Mur de Franken,198,118.50061513888753,-79.49938486111247,unknown
3412015520706437940,2025-10-11T08:15:50,Sortie vélo le matin,6845487,Rämpli,376,296.1273734008307,-79.87262659916928,unknown
3474101819558388892,2026-03-31T15:34:33,Sortie vélo dans l'après-midi,30141712,CLM Tagsdorf -> Hundsbach,375,295.0378207943921,-79.96217920560792,unknown
3340740023315554222,2025-03-28T15:44:17,Sortie vélo dans l'après-midi,16768815,Montée St Blaise / Bettlach (rue des Romains),280,199.99862156971304,-80.00137843028696,unknown
3262087291572931962,2024-08-23T14:42:07,Sortie vélo dans l'après-midi,21932389,Final Challpass,153,72.76513489382334,-80.23486510617666,unknown
3476562127380962322,2026-04-07T10:55:51,Sortie vélo le midi,4611692,Power and Push,210,129.57862664655724,-80.42137335344276,unknown
3251239526056927954,2024-07-24T15:51:14,Sortie vélo dans l'après-midi,6698872,Hagenthal le Haut,546,465.40298924199357,-80.59701075800643,unknown
3424697524539083780,2025-11-15T07:43:38,Coffee ride,1268394,Gempen bergzeitfahren,1033,951.7200258054899,-81.27997419451015,unknown
3363560643239326328,2025-05-30T15:31:46,Sortie vélo dans l'après-midi,7260219,Folgensbourg Petit Fast Lane,405,323.63702682715194,-81.36297317284806,unknown
3409218638694427864,2025-10-03T14:29:24,Sortie vélo dans l'après-midi,15513338,D57 short,293,211.53251606701895,-81.46748393298105,unknown
3505294712892121898,2026-06-25T16:47:28,Evening Ride,1440671,D431 Climb,300,218.20729014102076,-81.79270985897924,unknown
3423732683469051900,2025-11-12T14:45:23,Sortie vélo dans l'après-midi,7629867,Flüh to Mariastein road climb,460,377.50987700750017,-82.49012299249983,unknown
3525530667479627150,2026-08-20T13:17:38,Afternoon Ride,1174466,Metzerlen-Challpass Climb,590,507.465833407552,-82.534166592448,unknown
3338202445012019414,2025-03-21T15:35:43,Sortie vélo dans l'après-midi,16257055,X Climb,348,265.19859234780876,-82.80140765219124,unknown
3240704641299561764,2024-06-25T14:30:37,Sortie vélo dans l'après-midi,15513338,D57 short,295,211.53251606701895,-83.46748393298105,unknown
3482063832870351232,2026-04-22T14:31:50,Sortie vélo dans l'après-midi,6698872,Hagenthal le Haut,550,465.40298924199357,-84.59701075800643,unknown
3435232649539424950,2025-12-14T09:03:46,Sortie vélo le matin,6698872,Hagenthal le Haut,550,465.40298924199357,-84.59701075800643,unknown
3392439743463241448,2025-08-18T07:10:13,Sortie vélo le matin,12282326,Hégenheim - Golf Climb,441,356.1440302693478,-84.85596973065219,unknown
3250771425754555932,2024-07-23T09:07:39,Sortie vélo le matin,15513338,D57 short,297,211.53251606701895,-85.46748393298105,unknown
3232376739588279126,2024-06-02T15:03:51,Sortie vélo dans l'après-midi,15513338,D57 short,297,211.53251606701895,-85.46748393298105,unknown
3345443834466457964,2025-04-10T15:24:26,Sortie vélo dans l'après-midi,6826358,montée de rantzwiller,299,213.52352629905752,-85.47647370094248,unknown
3406933478064261424,2025-09-27T07:10:15,1er sortie automnale en long / rappels au seuil,9248195,Burg Climb,158,72.39811735865614,-85.60188264134386,unknown
3476562127382252562,2026-04-07T10:50:01,Sortie vélo le midi,16768815,Montée St Blaise / Bettlach (rue des Romains),286,199.99862156971304,-86.00137843028696,unknown
3239894790280438686,2024-06-23T08:56:59,Sortie vélo le matin,21932389,Final Challpass,159,72.76513489382334,-86.23486510617666,unknown
3391728742552067102,2025-08-16T08:57:38,Sortie vélo le matin,7260219,Folgensbourg Petit Fast Lane,410,323.63702682715194,-86.36297317284806,unknown
3399703045469150424,2025-09-07T08:59:47,Sortie vélo le matin,4611692,Power and Push,216,129.57862664655724,-86.42137335344276,unknown
3503690093506936670,2026-06-21T07:23:36,Morning Ride,16768815,Montée St Blaise / Bettlach (rue des Romains),287,199.99862156971304,-87.00137843028696,unknown
3480258563291637234,2026-04-17T13:56:00,Beau tour avec Arnaud et Joël ☀️,21932389,Final Challpass,160,72.76513489382334,-87.23486510617666,unknown
3276946538108859948,2024-10-03T15:08:09,Sortie vélo dans l'après-midi,4611692,Power and Push,217,129.57862664655724,-87.42137335344276,unknown
3410665847978778374,2025-10-07T14:29:40,Sortie vélo dans l'après-midi,30141712,CLM Tagsdorf -> Hundsbach,383,295.0378207943921,-87.96217920560792,unknown
3213891305172088548,2024-04-12T14:58:40,Sortie vélo dans l'après-midi,4611692,Power and Push,218,129.57862664655724,-88.42137335344276,unknown
3514305743602585048,2026-07-20T14:12:54,Sortie vélo dans l'après-midi,15513338,D57 short,300,211.53251606701895,-88.46748393298105,unknown
3221785467987231328,2024-05-04T09:18:34,Sortie vélo le matin,16257055,X Climb,354,265.19859234780876,-88.80140765219124,unknown
3475446714180886426,2026-04-04T09:21:48,Sortie vélo le matin,6845487,Rämpli,385,296.1273734008307,-88.87262659916928,unknown
3474797266098572644,2026-04-02T14:23:50,Sortie vélo dans l'après-midi,12718646,Raedersdorf Bosse Sprint ,269,179.91678311819877,-89.08321688180123,unknown
3239894790280676254,2024-06-23T08:39:19,Sortie vélo le matin,21932389,Final Challpass,162,72.76513489382334,-89.23486510617666,unknown
3265721596012542290,2024-09-02T15:08:15,Sortie vélo dans l'après-midi,15513338,D57 short,301,211.53251606701895,-89.46748393298105,unknown
3392439743465983720,2025-08-18T07:21:21,Sortie vélo le matin,6698872,Hagenthal le Haut,555,465.40298924199357,-89.59701075800643,unknown
3282353955772702886,2024-10-18T13:00:29,Sortie vélo dans l'après-midi,9248195,Burg Climb,162,72.39811735865614,-89.60188264134386,unknown
3364270695475848244,2025-06-01T13:58:19,Sortie vélo dans l'après-midi,6620406,Montée de Willer,306,216.37818120568386,-89.62181879431614,unknown
3424443216125963030,2025-11-14T14:52:35,Sortie vélo dans l'après-midi,30141712,CLM Tagsdorf -> Hundsbach,385,295.0378207943921,-89.96217920560792,unknown
3420459518361083730,2025-11-03T15:20:19,Sortie vélo dans l'après-midi,30141712,CLM Tagsdorf -> Hundsbach,385,295.0378207943921,-89.96217920560792,unknown
3203400760827741388,2024-03-14T16:16:11,Sortie vélo dans l'après-midi,10140676,jettingen - D419 climb,218,127.90244769442664,-90.09755230557336,unknown
3513867981304715492,2026-07-19T07:33:21,Sortie vélo le matin,6698872,Hagenthal le Haut,556,465.40298924199357,-90.59701075800643,unknown
3482063832870786432,2026-04-22T14:16:41,Sortie vélo dans l'après-midi,12282326,Hégenheim - Golf Climb,447,356.1440302693478,-90.85596973065219,unknown
3248925984327702782,2024-07-18T06:07:37,Sortie vélo le matin,3977597,Blochmont Climb,783,691.8358329027518,-91.1641670972482,unknown
3236368838349697862,2024-06-13T14:44:51,Sortie vélo dans l'après-midi,21932389,Final Challpass,164,72.76513489382334,-91.23486510617666,unknown
3221785467985021536,2024-05-04T09:16:12,Sortie vélo le matin,7629867,Flüh to Mariastein road climb,469,377.50987700750017,-91.49012299249983,unknown
3248925984326804734,2024-07-18T05:37:44,Sortie vélo le matin,6698872,Hagenthal le Haut,557,465.40298924199357,-91.59701075800643,unknown
3422186329292078396,2025-11-08T09:04:40,Sortie vélo le matin,6698872,Hagenthal le Haut,557,465.40298924199357,-91.59701075800643,unknown
3239894797367793632,2024-06-23T08:18:17,Sortie vélo le matin,16257055,X Climb,357,265.19859234780876,-91.80140765219124,unknown
3243970623268296656,2024-07-04T14:47:26,Sortie vélo dans l'après-midi,30141712,CLM Tagsdorf -> Hundsbach,387,295.0378207943921,-91.96217920560792,unknown
3477606031342225876,2026-04-10T08:04:23,Sortie vélo le matin,15513338,D57 short,304,211.53251606701895,-92.46748393298105,unknown
3346880058168958502,2025-04-14T14:27:26,Sortie vélo dans l'après-midi,15513338,D57 short,304,211.53251606701895,-92.46748393298105,unknown
3364270695478050868,2025-06-01T14:17:51,Sortie vélo dans l'après-midi,22049362,Jet sprint,122,29.52610420218024,-92.47389579781976,unknown
3520116473154585294,2026-08-05T15:00:11,Afternoon Ride,11084743,CLM_Wahlbach - Tagsdorf,340,247.2313075983572,-92.7686924016428,unknown
3403440546866645914,2025-09-17T14:51:30,Sortie vélo dans l'après-midi,6698872,Hagenthal le Haut,559,465.40298924199357,-93.59701075800643,unknown
3479536233146221344,2026-04-15T15:48:39,Sortie vélo dans l'après-midi,6620406,Montée de Willer,310,216.37818120568386,-93.62181879431614,unknown
3410665847979028230,2025-10-07T14:14:32,Sortie vélo dans l'après-midi,5644864,Slow rise to Heiwiller,659,564.7775478060232,-94.22245219397678,unknown
3512398823165779664,2026-07-15T08:17:55,Sortie vélo le matin,4611692,Power and Push,224,129.57862664655724,-94.42137335344276,unknown
3231921358349337586,2024-06-01T08:46:00,Exos seuil,9248195,Burg Climb,167,72.39811735865614,-94.60188264134386,unknown
3379888079233008194,2025-07-14T16:14:46,Sortie vélo dans l'après-midi,8822290,Habsheim - Pont de Petit-Landau,498,401.51195020657684,-96.48804979342316,unknown
3482336688343892762,2026-04-23T09:47:24,Sortie vélo le midi,7722237,Habsheim-Sierentz,516,419.4868738368721,-96.51312616312788,unknown
3351500208865194126,2025-04-27T08:02:21,Sortie vélo le matin,14701912,Final hairpin,211,114.31215659742674,-96.68784340257326,unknown
3275868555946443942,2024-09-30T15:26:04,Sortie vélo dans l'après-midi,15120605,Final Push Col Amic2,473,376.22545592926446,-96.77454407073554,unknown
3351500208865596558,2025-04-27T08:33:14,Sortie vélo le matin,16768815,Montée St Blaise / Bettlach (rue des Romains),297,199.99862156971304,-97.00137843028696,unknown
3511665026272427464,2026-07-13T07:33:57,Sortie vélo le matin,1470171,Steinsoultz Climb,301,203.8393078354355,-97.1606921645645,unknown
3368529654705637180,2025-06-13T07:39:43,Sortie vélo le matin,12020671,Langematte Climb Hard Part,408,310.7939341410666,-97.20606585893341,unknown
3474101819558994076,2026-03-31T15:19:11,Sortie vélo dans l'après-midi,5644864,Slow rise to Heiwiller,662,564.7775478060232,-97.22245219397678,unknown
3255557518356619970,2024-08-05T14:19:36,Sortie vélo dans l'après-midi,24029289,Veloroute Dietwiller-Eschentzwiller,266,168.5357824232735,-97.4642175767265,unknown
3247251974488266518,2024-07-13T15:51:55,Sortie vélo dans l'après-midi,8822290,Habsheim - Pont de Petit-Landau,499,401.51195020657684,-97.48804979342316,unknown
3526919630180422996,2026-08-24T09:36:42,Sortie vélo le midi,7629867,Flüh to Mariastein road climb,475,377.50987700750017,-97.49012299249983,unknown
3480894997237756950,2026-04-19T06:52:42,Sortie vélo le matin,11084743,CLM_Wahlbach - Tagsdorf,345,247.2313075983572,-97.7686924016428,unknown
3373986016517217008,2025-06-28T07:01:28,Sortie vélo le matin,16257055,X Climb,363,265.19859234780876,-97.80140765219124,unknown
3292535126219615456,2024-11-15T15:12:04,Sortie vélo dans l'après-midi,16768815,Montée St Blaise / Bettlach (rue des Romains),298,199.99862156971304,-98.00137843028696,unknown
3223940977138942374,2024-05-10T06:56:33,La Sundgauvienne GFNY,20107336,#Côte Lange Matten (Wolschwiller),705,606.8592578204077,-98.14074217959228,unknown
3255940100291670780,2024-08-06T15:16:59,Sortie vélo dans l'après-midi,3977597,Blochmont Climb,790,691.8358329027518,-98.1641670972482,unknown
3515766077645859956,2026-07-24T15:35:20,"Avec Arnaud , Jonathan et Joel ! 🥵🥵",16768815,Montée St Blaise / Bettlach (rue des Romains),299,199.99862156971304,-99.00137843028696,unknown
3498631251093879680,2026-06-07T08:30:39,Sortie vélo le matin,8822290,Habsheim - Pont de Petit-Landau,501,401.51195020657684,-99.48804979342316,unknown
3474797266101806436,2026-04-02T12:15:33,Sortie vélo dans l'après-midi,14701912,Final hairpin,214,114.31215659742674,-99.68784340257326,unknown
3368529654704016188,2025-06-13T07:44:41,Sortie vélo le matin,14701912,Final hairpin,214,114.31215659742674,-99.68784340257326,unknown
3480894997235902486,2026-04-19T09:33:34,Sortie vélo le matin,6845487,Rämpli,396,296.1273734008307,-99.87262659916928,unknown
3524801012862208908,2026-08-18T12:42:01,Sortie vélo dans l'après-midi,11084743,CLM_Wahlbach - Tagsdorf,348,247.2313075983572,-100.7686924016428,unknown
3504746014951597306,2026-06-24T05:03:27,Morning Ride,30141712,CLM Tagsdorf -> Hundsbach,396,295.0378207943921,-100.96217920560792,unknown
3474797266101921124,2026-04-02T12:10:40,Sortie vélo dans l'après-midi,12020671,Langematte Climb Hard Part,412,310.7939341410666,-101.20606585893341,unknown
3423732683468996604,2025-11-12T15:00:34,Sortie vélo dans l'après-midi,1174466,Metzerlen-Challpass Climb,609,507.465833407552,-101.534166592448,unknown
3388486014695697554,2025-08-07T09:29:29,Sortie vélo le midi,11084743,CLM_Wahlbach - Tagsdorf,349,247.2313075983572,-101.7686924016428,unknown
3368529654705322812,2025-06-13T08:15:39,Sortie vélo le matin,16768815,Montée St Blaise / Bettlach (rue des Romains),302,199.99862156971304,-102.00137843028696,unknown
3338202445013325014,2025-03-21T15:33:05,Sortie vélo dans l'après-midi,7629867,Flüh to Mariastein road climb,480,377.50987700750017,-102.49012299249983,unknown
3471573264577519354,2026-03-24T16:17:15,Sortie vélo dans l'après-midi,6698872,Hagenthal le Haut,568,465.40298924199357,-102.59701075800643,unknown
3345797087378585450,2025-04-11T14:24:08,Sortie vélo dans l'après-midi,9248195,Burg Climb,175,72.39811735865614,-102.60188264134386,unknown
3471573264579272442,2026-03-24T16:09:53,Sortie vélo dans l'après-midi,9113522,Rolling down Folgensbourg ~ Hagental,407,303.4163363225544,-103.5836636774456,unknown
3262087291575567738,2024-08-23T14:24:58,Sortie vélo dans l'après-midi,9248195,Burg Climb,176,72.39811735865614,-103.60188264134386,unknown
3364270695476735028,2025-06-01T13:13:01,Sortie vélo dans l'après-midi,11084743,CLM_Wahlbach - Tagsdorf,351,247.2313075983572,-103.7686924016428,unknown
3231921358348913650,2024-06-01T09:08:50,Exos seuil,6845487,Rämpli,401,296.1273734008307,-104.87262659916928,unknown
3480894997240110102,2026-04-19T08:53:36,Sortie vélo le matin,3977597,Blochmont Climb,797,691.8358329027518,-105.1641670972482,unknown
3401629336376469760,2025-09-12T16:15:53,Sortie vélo dans l'après-midi,8822290,Habsheim - Pont de Petit-Landau,507,401.51195020657684,-105.48804979342316,unknown
3251869388990779290,2024-07-26T10:03:15,Sortie vélo le midi,6620406,Montée de Willer,322,216.37818120568386,-105.62181879431614,unknown
3413208631094790772,2025-10-14T14:52:34,Sortie vélo dans l'après-midi,30141712,CLM Tagsdorf -> Hundsbach,401,295.0378207943921,-105.96217920560792,unknown
3525530667479670158,2026-08-20T14:03:29,Afternoon Ride,6845487,Rämpli,403,296.1273734008307,-106.87262659916928,unknown
3476562127386293266,2026-04-07T10:05:09,Sortie vélo le midi,7629867,Flüh to Mariastein road climb,485,377.50987700750017,-107.49012299249983,unknown
3276946538108677676,2024-10-03T15:01:50,Sortie vélo dans l'après-midi,16768815,Montée St Blaise / Bettlach (rue des Romains),308,199.99862156971304,-108.00137843028696,unknown
3351500208868392078,2025-04-27T08:21:36,Sortie vélo le matin,12718646,Raedersdorf Bosse Sprint ,288,179.91678311819877,-108.08321688180123,unknown
3413208631091408500,2025-10-14T14:37:27,Sortie vélo dans l'après-midi,5644864,Slow rise to Heiwiller,673,564.7775478060232,-108.22245219397678,unknown
3500102883886267790,2026-06-11T09:32:26,Lunch Ride,11084743,CLM_Wahlbach - Tagsdorf,356,247.2313075983572,-108.7686924016428,unknown
3340740023315661742,2025-03-28T15:07:52,Sortie vélo dans l'après-midi,3977597,Blochmont Climb,801,691.8358329027518,-109.1641670972482,unknown
3413937438560417286,2025-10-16T14:53:13,Sortie vélo dans l'après-midi,9113522,Rolling down Folgensbourg ~ Hagental,413,303.4163363225544,-109.5836636774456,unknown
3345797087376008042,2025-04-11T14:57:56,Sortie vélo dans l'après-midi,6845487,Rämpli,406,296.1273734008307,-109.87262659916928,unknown
3255557518353806018,2024-08-05T14:31:11,Sortie vélo dans l'après-midi,15513338,D57 short,322,211.53251606701895,-110.46748393298105,unknown
3515013813980735214,2026-07-22T13:44:53,Afternoon Ride,6826358,montée de rantzwiller,324,213.52352629905752,-110.47647370094248,unknown
3338202445011678422,2025-03-21T15:57:13,Sortie vélo dans l'après-midi,6845487,Rämpli,408,296.1273734008307,-111.87262659916928,unknown
3262087291569200506,2024-08-23T14:59:49,Sortie vélo dans l'après-midi,6845487,Rämpli,408,296.1273734008307,-111.87262659916928,unknown
3255940100292441852,2024-08-06T15:47:39,Sortie vélo dans l'après-midi,16768815,Montée St Blaise / Bettlach (rue des Romains),312,199.99862156971304,-112.00137843028696,unknown
3351500208867136654,2025-04-27T07:57:13,Sortie vélo le matin,12020671,Langematte Climb Hard Part,423,310.7939341410666,-112.20606585893341,unknown
3513589152144708370,2026-07-18T08:01:06,Morning Ride,1440671,D431 Climb,331,218.20729014102076,-112.79270985897924,unknown
3247504720999285196,2024-07-14T08:11:35,Sortie vélo le matin,4063688,"*Gand ballon, markstein",546,433.18903768680406,-112.81096231319594,unknown
3506687565714844924,2026-06-29T13:40:29,Afternoon Ride,30141712,CLM Tagsdorf -> Hundsbach,408,295.0378207943921,-112.96217920560792,unknown
3515766086450272372,2026-07-24T14:32:32,"Avec Arnaud , Jonathan et Joel ! 🥵🥵",12020671,Langematte Climb Hard Part,424,310.7939341410666,-113.20606585893341,unknown
3399341200723652824,2025-09-06T07:22:43,Sortie vélo le matin,5644864,Slow rise to Heiwiller,679,564.7775478060232,-114.22245219397678,unknown
3376521771303067522,2025-07-05T07:33:44,Sortie vélo le matin,5644864,Slow rise to Heiwiller,679,564.7775478060232,-114.22245219397678,unknown
3239894797366992864,2024-06-23T08:15:36,Sortie vélo le matin,7629867,Flüh to Mariastein road climb,492,377.50987700750017,-114.49012299249983,unknown
3279444098991327384,2024-10-10T12:18:37,Sortie vélo dans l'après-midi,8822290,Habsheim - Pont de Petit-Landau,517,401.51195020657684,-115.48804979342316,unknown
3396443144173546070,2025-08-29T07:45:20,Sortie vélo le matin,6698872,Hagenthal le Haut,582,465.40298924199357,-116.59701075800643,unknown
3213891305173446372,2024-04-12T14:52:07,Sortie vélo dans l'après-midi,16768815,Montée St Blaise / Bettlach (rue des Romains),317,199.99862156971304,-117.00137843028696,unknown
3373986020106652542,2025-06-28T06:58:51,Sortie vélo le matin,7629867,Flüh to Mariastein road climb,495,377.50987700750017,-117.49012299249983,unknown
3503067685014022752,2026-06-19T14:10:09,Afternoon Ride,6038689,Kiffis climb,253,134.92982472445638,-118.07017527554362,unknown
3340740040135997358,2025-03-28T14:35:34,Sortie vélo dans l'après-midi,6698872,Hagenthal le Haut,584,465.40298924199357,-118.59701075800643,unknown
3477272261952463034,2026-04-09T09:40:42,Sortie vélo le matin,12718646,Raedersdorf Bosse Sprint ,299,179.91678311819877,-119.08321688180123,unknown
3424443216126676758,2025-11-14T14:37:05,Sortie vélo dans l'après-midi,5644864,Slow rise to Heiwiller,684,564.7775478060232,-119.22245219397678,unknown
3276578847829770404,2024-10-02T14:35:35,Sortie vélo dans l'après-midi,8822290,Habsheim - Pont de Petit-Landau,521,401.51195020657684,-119.48804979342316,unknown
3238165397257567564,2024-06-18T14:07:46,Sortie vélo dans l'après-midi,8822290,Habsheim - Pont de Petit-Landau,521,401.51195020657684,-119.48804979342316,unknown
3262087291571955066,2024-08-23T14:34:22,Sortie vélo dans l'après-midi,1174466,Metzerlen-Challpass Climb,627,507.465833407552,-119.534166592448,unknown
3338906501826701598,2025-03-23T13:39:23,Sortie vélo dans l'après-midi,30141712,CLM Tagsdorf -> Hundsbach,415,295.0378207943921,-119.96217920560792,unknown
3480258563294134770,2026-04-17T13:48:45,Beau tour avec Arnaud et Joël ☀️,1174466,Metzerlen-Challpass Climb,628,507.465833407552,-120.534166592448,unknown
3529873194618061786,2026-09-01T13:10:36,Afternoon Ride,8822290,Habsheim - Pont de Petit-Landau,523,401.51195020657684,-121.48804979342316,unknown
3503067685015511648,2026-06-19T13:24:58,Afternoon Ride,14701912,Final hairpin,237,114.31215659742674,-122.68784340257326,unknown
3409488452020407118,2025-10-04T09:11:00,Sortie vélo le matin,9113522,Rolling down Folgensbourg ~ Hagental,428,303.4163363225544,-124.5836636774456,unknown
3527991161744268980,2026-08-27T08:31:19,Sortie vélo le matin,9113522,Rolling down Folgensbourg ~ Hagental,428,303.4163363225544,-124.5836636774456,unknown
3356282890383536846,2025-05-10T12:36:23,Sortie vélo dans l'après-midi,5644864,Slow rise to Heiwiller,690,564.7775478060232,-125.22245219397678,unknown
3477973021246240742,2026-04-11T07:42:50,Sortie vélo le matin,3977597,Blochmont Climb,819,691.8358329027518,-127.1641670972482,unknown
3214494266224879258,2024-04-14T05:49:21,Sortie vélo le matin,1268394,Gempen bergzeitfahren,1079,951.7200258054899,-127.27997419451015,unknown
3272208429396557990,2024-09-20T12:44:13,Récup + base,8822290,Habsheim - Pont de Petit-Landau,530,401.51195020657684,-128.48804979342316,unknown
3521084897562121092,2026-08-08T06:37:21,Morning Ride,3977597,Blochmont Climb,821,691.8358329027518,-129.1641670972482,unknown
3391728742558689310,2025-08-16T08:40:21,Sortie vélo le matin,16768815,Montée St Blaise / Bettlach (rue des Romains),330,199.99862156971304,-130.00137843028696,unknown
3420459518364048210,2025-11-03T15:04:15,Sortie vélo dans l'après-midi,5644864,Slow rise to Heiwiller,695,564.7775478060232,-130.22245219397678,unknown
3292535126221110496,2024-11-15T15:18:14,Sortie vélo dans l'après-midi,4611692,Power and Push,260,129.57862664655724,-130.42137335344276,unknown
3298665959387145002,2024-12-02T13:09:22,Sortie vélo dans l'après-midi,8822290,Habsheim - Pont de Petit-Landau,532,401.51195020657684,-130.48804979342316,unknown
3213891305174024932,2024-04-12T14:08:49,Sortie vélo dans l'après-midi,20107336,#Côte Lange Matten (Wolschwiller),739,606.8592578204077,-132.14074217959228,unknown
3401872196781729992,2025-09-13T07:49:21,Sortie vélo le matin,7629867,Flüh to Mariastein road climb,510,377.50987700750017,-132.49012299249983,unknown
3239894790279918494,2024-06-23T08:49:02,Sortie vélo le matin,1174466,Metzerlen-Challpass Climb,640,507.465833407552,-132.534166592448,unknown
3257277988952555428,2024-08-10T07:01:13,Sortie vélo le matin,7052396,Luppach - Ferrette,400,265.9124865310388,-134.08751346896122,unknown
3231921358350191602,2024-06-01T07:34:43,Exos seuil,6698872,Hagenthal le Haut,601,465.40298924199357,-135.59701075800643,unknown
3264620247029893808,2024-08-30T13:56:11,Sortie vélo dans l'après-midi,4063688,"*Gand ballon, markstein",569,433.18903768680406,-135.81096231319594,unknown
3409218638696151256,2025-10-03T14:29:02,Sortie vélo dans l'après-midi,8822290,Habsheim - Pont de Petit-Landau,538,401.51195020657684,-136.48804979342316,unknown
3265721596010734930,2024-09-02T15:07:55,Sortie vélo dans l'après-midi,8822290,Habsheim - Pont de Petit-Landau,539,401.51195020657684,-137.48804979342316,unknown
3512398823166031568,2026-07-15T08:10:54,Sortie vélo le matin,16768815,Montée St Blaise / Bettlach (rue des Romains),338,199.99862156971304,-138.00137843028696,unknown
3515766086447322228,2026-07-24T14:37:39,"Avec Arnaud , Jonathan et Joel ! 🥵🥵",14701912,Final hairpin,253,114.31215659742674,-138.68784340257326,unknown
3240704641297715492,2024-06-25T14:30:16,Sortie vélo dans l'après-midi,8822290,Habsheim - Pont de Petit-Landau,544,401.51195020657684,-142.48804979342316,unknown
3191710281567644568,2024-02-11T09:18:35,Sortie vélo le matin - Intervalles de 30 secondes (20 fois),6698872,Hagenthal le Haut,609,465.40298924199357,-143.59701075800643,unknown
3250771425756578332,2024-07-23T09:07:17,Sortie vélo le matin,8822290,Habsheim - Pont de Petit-Landau,547,401.51195020657684,-145.48804979342316,unknown
3503067685015135840,2026-06-19T13:19:26,Afternoon Ride,12020671,Langematte Climb Hard Part,457,310.7939341410666,-146.2060658589334,unknown
3236368838348548934,2024-06-13T14:36:51,Sortie vélo dans l'après-midi,1174466,Metzerlen-Challpass Climb,654,507.465833407552,-146.534166592448,unknown
3239894790279809950,2024-06-23T08:31:19,Sortie vélo le matin,1174466,Metzerlen-Challpass Climb,654,507.465833407552,-146.534166592448,unknown
3191710281569862552,2024-02-11T09:33:50,Sortie vélo le matin - Intervalles de 30 secondes (20 fois),6698872,Hagenthal le Haut,612,465.40298924199357,-146.59701075800643,unknown
3514305743605139928,2026-07-20T14:12:32,Sortie vélo dans l'après-midi,8822290,Habsheim - Pont de Petit-Landau,549,401.51195020657684,-147.48804979342316,unknown
3209450137410331364,2024-03-31T09:11:52,Sortie vélo le matin,7722237,Habsheim-Sierentz,571,419.4868738368721,-151.51312616312788,unknown
3504746014949581050,2026-06-24T04:47:08,Morning Ride,5644864,Slow rise to Heiwiller,717,564.7775478060232,-152.22245219397678,unknown
3511665026272822728,2026-07-13T06:46:33,Sortie vélo le matin,11084743,CLM_Wahlbach - Tagsdorf,401,247.2313075983572,-153.7686924016428,unknown
3364270695471113268,2025-06-01T14:17:58,Sortie vélo dans l'après-midi,10140676,jettingen - D419 climb,282,127.90244769442664,-154.09755230557334,unknown
3476182811993786600,2026-04-06T10:00:57,Sortie vélo le matin - 4h TTC,7722237,Habsheim-Sierentz,574,419.4868738368721,-154.51312616312788,unknown
3482783529598979658,2026-04-24T13:31:41,Sortie vélo dans l'après-midi,6698872,Hagenthal le Haut,620,465.40298924199357,-154.59701075800643,unknown
3395343650309693014,2025-08-26T07:42:16,Grand ballon,4063688,"*Gand ballon, markstein",589,433.18903768680406,-155.81096231319594,unknown
3477606031339644372,2026-04-10T08:04:00,Sortie vélo le matin,8822290,Habsheim - Pont de Petit-Landau,559,401.51195020657684,-157.48804979342316,unknown
3346880058166037030,2025-04-14T14:27:03,Sortie vélo dans l'après-midi,8822290,Habsheim - Pont de Petit-Landau,559,401.51195020657684,-157.48804979342316,unknown
3398250637490699802,2025-09-03T07:00:47,Sortie vélo le matin,1268394,Gempen bergzeitfahren,1110,951.7200258054899,-158.27997419451015,unknown
3338906501828748574,2025-03-23T13:23:09,Sortie vélo dans l'après-midi,5644864,Slow rise to Heiwiller,724,564.7775478060232,-159.22245219397678,unknown
3231921358347637746,2024-06-01T08:07:45,Exos seuil,3977597,Blochmont Climb,852,691.8358329027518,-160.1641670972482,unknown
3475446714181368730,2026-04-04T08:38:36,Sortie vélo le matin,6698872,Hagenthal le Haut,626,465.40298924199357,-160.59701075800643,unknown
3243970623267889104,2024-07-04T14:39:02,Sortie vélo dans l'après-midi,11084743,CLM_Wahlbach - Tagsdorf,411,247.2313075983572,-163.7686924016428,unknown
3528700546159951292,2026-08-29T07:57:06,Morning Ride,8339117,Tagsdorf-Rantzwiller,1134,970.0819183323276,-163.91808166767237,unknown
3515766086449637492,2026-07-24T14:27:40,"Avec Arnaud , Jonathan et Joel ! 🥵🥵",20107336,#Côte Lange Matten (Wolschwiller),771,606.8592578204077,-164.14074217959228,unknown
3207739199619784498,2024-03-26T15:23:00,Sortie vélo dans l'après-midi,9379902,Montée Franken-PC,439,274.60404391773835,-164.39595608226165,unknown
3395343650311830102,2025-08-26T06:48:08,Grand ballon,15120605,Final Push Col Amic2,543,376.22545592926446,-166.77454407073554,unknown
3516779807759749368,2026-07-27T10:23:31,Sortie vélo le midi,6698872,Hagenthal le Haut,634,465.40298924199357,-168.59701075800643,unknown
3523642253408238858,2026-08-15T07:51:52,Sortie vélo le matin,1268394,Gempen bergzeitfahren,1127,951.7200258054899,-175.27997419451015,unknown
3262087291576483194,2024-08-23T13:48:43,Sortie vélo dans l'après-midi,6698872,Hagenthal le Haut,642,465.40298924199357,-176.59701075800643,unknown
3288105533170031406,2024-11-03T10:19:29,Endudu,7722237,Habsheim-Sierentz,599,419.4868738368721,-179.51312616312788,unknown
3253998506899101906,2024-08-01T06:27:46,Sortie vélo le matin,15120605,Final Push Col Amic2,556,376.22545592926446,-179.77454407073554,unknown
3474797266104989028,2026-04-02T12:05:14,Sortie vélo dans l'après-midi,20107336,#Côte Lange Matten (Wolschwiller),791,606.8592578204077,-184.14074217959228,unknown
3351500208866406542,2025-04-27T07:51:45,Sortie vélo le matin,20107336,#Côte Lange Matten (Wolschwiller),802,606.8592578204077,-195.14074217959228,unknown
3368529654706150204,2025-06-13T07:34:03,Sortie vélo le matin,20107336,#Côte Lange Matten (Wolschwiller),804,606.8592578204077,-197.14074217959228,unknown
3515766086449482868,2026-07-24T14:11:04,"Avec Arnaud , Jonathan et Joel ! 🥵🥵",7099641,Bottom of Leyment top Kiffis,1697,1496.7467946370573,-200.2532053629427,unknown
3500788231472127398,2026-06-13T06:57:01,Morning Ride,6698872,Hagenthal le Haut,667,465.40298924199357,-201.59701075800643,unknown
3363560643243086456,2025-05-30T14:40:06,Sortie vélo dans l'après-midi,6698872,Hagenthal le Haut,667,465.40298924199357,-201.59701075800643,unknown
3364270695477316660,2025-06-01T13:02:33,Sortie vélo dans l'après-midi,5644864,Slow rise to Heiwiller,772,564.7775478060232,-207.22245219397678,unknown
3186298139408832086,2024-01-27T10:41:00,Sortie vélo le midi,15120605,Final Push Col Amic2,588,376.22545592926446,-211.77454407073554,unknown
3520116473154269902,2026-08-05T14:49:35,Afternoon Ride,5644864,Slow rise to Heiwiller,779,564.7775478060232,-214.22245219397678,unknown
3404064840676277470,2025-09-19T08:44:11,Sortie vélo le midi,16068727,sommet ballon d'alsace depuis carrière lepuix,2555,2338.043009715667,-216.9569902843332,unknown
3388486014695227538,2025-08-07T09:18:55,Sortie vélo le midi,5644864,Slow rise to Heiwiller,784,564.7775478060232,-219.22245219397678,unknown
3480894997240943638,2026-04-19T06:42:02,Sortie vélo le matin,5644864,Slow rise to Heiwiller,785,564.7775478060232,-220.22245219397678,unknown
3477272261952852154,2026-04-09T07:20:01,Sortie vélo le matin,3977597,Blochmont Climb,919,691.8358329027518,-227.1641670972482,unknown
3500102883887750542,2026-06-11T09:21:43,Lunch Ride,5644864,Slow rise to Heiwiller,794,564.7775478060232,-229.22245219397678,unknown
3259847752860640054,2024-08-17T06:47:37,Sortie vélo le matin,1268394,Gempen bergzeitfahren,1184,951.7200258054899,-232.27997419451015,unknown
3419364676372042068,2025-10-31T14:19:57,Sortie vélo dans l'après-midi,31159007,HBFH,1576,1343.3201463159887,-232.67985368401128,unknown
3389182694418860612,2025-08-09T08:03:51,Sortie vélo le matin,8339117,Tagsdorf-Rantzwiller,1210,970.0819183323276,-239.91808166767237,unknown
3524801012861462412,2026-08-18T12:31:06,Sortie vélo dans l'après-midi,5644864,Slow rise to Heiwiller,805,564.7775478060232,-240.22245219397678,unknown
3503067685013103200,2026-06-19T13:13:46,Afternoon Ride,20107336,#Côte Lange Matten (Wolschwiller),859,606.8592578204077,-252.14074217959228,unknown
3511665026274380232,2026-07-13T06:36:39,Sortie vélo le matin,5644864,Slow rise to Heiwiller,820,564.7775478060232,-255.22245219397678,unknown
3194250108373934446,2024-02-18T09:13:09,Sortie vélo le matin,1268394,Gempen bergzeitfahren,1231,951.7200258054899,-279.27997419451015,unknown
3261746735733319612,2024-08-22T14:54:05,Sirnitz,20825191,Sirnitz (Westauffahrt steil),2032,1751.7902307648415,-280.20976923515855,unknown
3252205595935164032,2024-07-27T08:31:28,Vdr à 4,4611692,Power and Push,410,129.57862664655724,-280.42137335344273,unknown
3271868936678469806,2024-09-19T13:37:48,Sortie vélo dans l'après-midi,16636782,Col de Firstplan No48 Greatest TDF Climbs,1757,1470.9292292423163,-286.0707707576837,unknown
3505294712891262762,2026-06-25T17:09:11,Evening Ride,15120605,Final Push Col Amic2,663,376.22545592926446,-286.77454407073554,unknown
3256584764796438864,2024-08-08T09:48:32,vdr ballon d'alsace #2,16068727,sommet ballon d'alsace depuis carrière lepuix,2626,2338.043009715667,-287.9569902843332,unknown
3513589152147091218,2026-07-18T08:26:23,Morning Ride,15120605,Final Push Col Amic2,697,376.22545592926446,-320.77454407073554,unknown
3235571879378739004,2024-06-11T09:44:48,Sortie vélo le midi,16068727,sommet ballon d'alsace depuis carrière lepuix,2667,2338.043009715667,-328.9569902843332,unknown
3243970623266429904,2024-07-04T14:27:06,Sortie vélo dans l'après-midi,5644864,Slow rise to Heiwiller,895,564.7775478060232,-330.2224521939768,unknown
3213891305172180708,2024-04-12T13:49:28,Sortie vélo dans l'après-midi,7099641,Bottom of Leyment top Kiffis,1846,1496.7467946370573,-349.2532053629427,unknown
3259190989839991724,2024-08-15T14:50:20,Sortie vélo dans l'après-midi,8339117,Tagsdorf-Rantzwiller,1323,970.0819183323276,-352.91808166767237,unknown
3247504721000941004,2024-07-14T07:40:34,Sortie vélo le matin,749400,Grand Ballon depuis Col Amic,1835,1474.5362337466752,-360.4637662533248,unknown
3201860749959978618,2024-03-10T08:04:02,Sortie vélo le matin,16636782,Col de Firstplan No48 Greatest TDF Climbs,1833,1470.9292292423163,-362.0707707576837,unknown
3208462982369161708,2024-03-28T14:25:59,Vdr partir avec soleil 14degré et tomber sur de la neige ! C’était pas prévu 🥶😩,20825191,Sirnitz (Westauffahrt steil),2141,1751.7902307648415,-389.20976923515855,unknown
3351500208864802958,2025-04-27T07:32:20,Sortie vélo le matin,7099641,Bottom of Leyment top Kiffis,1902,1496.7467946370573,-405.2532053629427,unknown
3411742989941490910,2025-10-10T13:09:57,Sortie vélo dans l'après-midi,20825191,Sirnitz (Westauffahrt steil),2188,1751.7902307648415,-436.20976923515855,unknown
3395343650309203542,2025-08-26T07:00:48,Grand ballon,749400,Grand Ballon depuis Col Amic,1911,1474.5362337466752,-436.4637662533248,unknown
3379044242133869468,2025-07-12T06:32:01,Sortie vélo le matin,16636782,Col de Firstplan No48 Greatest TDF Climbs,1933,1470.9292292423163,-462.0707707576837,unknown
3518922687308122634,2026-08-02T07:09:27,Sortie vélo le matin / travail Tempo,20825191,Sirnitz (Westauffahrt steil),2214,1751.7902307648415,-462.20976923515855,unknown
3258130060255016370,2024-08-12T14:38:34,Sortie vélo dans l'après-midi,16636782,Col de Firstplan No48 Greatest TDF Climbs,1935,1470.9292292423163,-464.0707707576837,unknown
3368529654704307004,2025-06-13T07:13:24,Sortie vélo le matin,7099641,Bottom of Leyment top Kiffis,1972,1496.7467946370573,-475.2532053629427,unknown
3508048835236773164,2026-07-03T07:14:38,Sortie vélo le matin,16068727,sommet ballon d'alsace depuis carrière lepuix,2822,2338.043009715667,-483.9569902843332,unknown
3501979272816908740,2026-06-16T13:18:21,Afternoon Ride,16636782,Col de Firstplan No48 Greatest TDF Climbs,2061,1470.9292292423163,-590.0707707576837,unknown
3394630365119511432,2025-08-24T07:41:01,Sortie vélo le matin,29605956,Tour du Lomont,4255,3496.5232534011984,-758.4767465988016,unknown
3264620247032986288,2024-08-30T13:00:13,Sortie vélo dans l'après-midi,749400,Grand Ballon depuis Col Amic,2466,1474.5362337466752,-991.4637662533248,unknown
3513589145772681762,2026-07-18T08:51:21,Morning Ride,749400,Grand Ballon depuis Col Amic,2485,1474.5362337466752,-1010.4637662533248,unknown
